cluster_id,size,majority_label_id,n_classes_in_cluster,class_0_count,class_1_count,class_2_count,class_3_count,class_4_count,class_5_count,class_6_count,class_7_count,class_8_count,class_9_count,class_10_count,split,assignment_score
201,1073,3,11,110,113,154,271,14,59,267,14,17,25,29,validation,16.452608504866536
194,830,0,11,289,96,25,175,37,17,36,42,13,59,41,test,15.2192876054019
208,768,3,11,129,86,122,201,14,88,34,29,22,19,24,test,14.21633959840442
215,661,3,11,158,32,66,217,42,7,25,43,20,20,31,validation,13.37702926271919
253,514,1,1,0,514,0,0,0,0,0,0,0,0,0,test,12.832861722116425
248,401,3,11,20,22,89,151,1,12,81,4,3,8,10,test,12.395574546475281
15,370,4,1,0,0,0,0,370,0,0,0,0,0,0,validation,11.973118249830078
71,362,0,2,361,0,0,0,0,0,0,1,0,0,0,validation,11.615722345587681
144,350,3,1,0,0,0,350,0,0,0,0,0,0,0,validation,11.295544423267856
308,345,1,10,28,140,26,55,20,32,9,0,3,13,19,test,10.949683284722113
107,344,3,10,35,7,25,171,11,13,19,51,1,11,0,test,10.624330311699463
219,320,10,11,47,27,13,51,6,2,75,6,5,6,82,validation,10.319832579032202
61,320,0,1,320,0,0,0,0,0,0,0,0,0,0,test,10.065291296797971
42,316,2,1,0,0,316,0,0,0,0,0,0,0,0,validation,9.802188677516167
47,303,0,10,93,36,15,14,2,2,22,10,84,0,25,test,9.527088082795416
361,303,1,1,0,303,0,0,0,0,0,0,0,0,0,validation,9.290033406296224
2,277,2,1,0,0,277,0,0,0,0,0,0,0,0,test,9.090878662120527
160,267,1,1,0,267,0,0,0,0,0,0,0,0,0,validation,8.900185545223167
83,258,6,1,0,0,0,0,0,0,258,0,0,0,0,test,8.761101333751123
419,243,2,2,0,0,242,0,0,0,1,0,0,0,0,validation,8.598738860680584
447,242,2,1,0,0,242,0,0,0,0,0,0,0,0,test,8.450829260003152
355,240,1,4,0,236,1,1,0,2,0,0,0,0,0,validation,8.302766249419685
244,239,1,1,0,239,0,0,0,0,0,0,0,0,0,validation,8.169644551443206
18,239,2,1,0,0,239,0,0,0,0,0,0,0,0,test,8.03812177459338
439,236,0,1,236,0,0,0,0,0,0,0,0,0,0,validation,7.910353284221994
73,235,0,1,235,0,0,0,0,0,0,0,0,0,0,test,7.790790768514205
118,234,2,7,4,4,142,68,1,0,4,0,0,11,0,validation,7.669921411661334
188,233,1,1,0,233,0,0,0,0,0,0,0,0,0,test,7.560304449027568
287,230,2,1,0,0,230,0,0,0,0,0,0,0,0,validation,7.4587677065943305
300,228,0,2,227,0,0,0,1,0,0,0,0,0,0,test,7.363438402135823
367,228,4,2,8,0,0,0,220,0,0,0,0,0,0,test,7.231245464537652
198,228,0,1,228,0,0,0,0,0,0,0,0,0,0,validation,7.137508743160501
134,226,1,1,0,226,0,0,0,0,0,0,0,0,0,validation,7.05846109585582
12,226,0,1,226,0,0,0,0,0,0,0,0,0,0,test,6.98484050365258
397,222,0,2,221,1,0,0,0,0,0,0,0,0,0,validation,6.913456060239008
154,222,6,1,0,0,0,0,0,0,222,0,0,0,0,train,6.826777774098039
328,220,6,8,32,0,26,77,4,1,78,1,0,1,0,train,6.754364624722426
415,218,3,1,0,0,0,218,0,0,0,0,0,0,0,test,6.683033277944078
357,216,4,1,0,0,0,0,216,0,0,0,0,0,0,train,6.6045012065649455
214,211,1,1,0,211,0,0,0,0,0,0,0,0,0,train,6.5427307367421275
236,210,0,1,210,0,0,0,0,0,0,0,0,0,0,train,6.481777201204645
159,209,2,1,0,0,209,0,0,0,0,0,0,0,0,train,6.420819243557062
475,206,3,4,1,31,0,170,0,0,4,0,0,0,0,train,6.3603887344300745
270,206,3,1,0,0,0,206,0,0,0,0,0,0,0,train,6.300590926657117
209,206,2,1,0,0,206,0,0,0,0,0,0,0,0,train,6.241640413170848
72,204,2,1,0,0,204,0,0,0,0,0,0,0,0,train,6.1837484370451
5,203,1,1,0,203,0,0,0,0,0,0,0,0,0,train,6.126689682242578
23,199,6,9,8,26,3,47,0,2,81,0,2,1,29,train,6.058150282021952
137,199,2,1,0,0,199,0,0,0,0,0,0,0,0,train,6.002744883782784
127,198,3,1,0,0,0,198,0,0,0,0,0,0,0,validation,5.94576138898914
11,194,5,1,0,0,0,0,0,194,0,0,0,0,0,validation,5.848916427837891
100,192,2,1,0,0,192,0,0,0,0,0,0,0,0,train,5.79589635939623
192,191,2,9,7,44,50,39,0,0,19,1,29,1,1,train,5.737497271718962
335,191,5,7,10,0,2,1,10,160,1,7,0,0,0,test,5.659603879968628
223,191,2,1,0,0,191,0,0,0,0,0,0,0,0,train,5.607597877992556
131,189,0,4,148,0,0,7,0,0,0,1,0,0,33,train,5.549350503257486
233,188,0,2,186,2,0,0,0,0,0,0,0,0,0,train,5.4986548661619254
292,183,2,1,0,0,183,0,0,0,0,0,0,0,0,train,5.4497415633572786
84,182,3,1,0,0,0,182,0,0,0,0,0,0,0,train,5.400363106853172
24,181,8,1,0,0,0,0,0,0,0,0,181,0,0,validation,5.3028562461319915
41,180,1,1,0,180,0,0,0,0,0,0,0,0,0,train,5.2549961354361265
92,179,8,1,0,0,0,0,0,0,0,0,179,0,0,train,5.185582714911192
34,178,7,1,0,0,0,0,0,0,0,178,0,0,0,validation,5.1022564083323765
324,178,5,1,0,0,0,0,0,178,0,0,0,0,0,train,5.042182120703008
20,176,1,1,0,176,0,0,0,0,0,0,0,0,0,train,4.996200029805875
164,175,1,1,0,175,0,0,0,0,0,0,0,0,0,train,4.950816439071736
54,174,0,1,174,0,0,0,0,0,0,0,0,0,0,train,4.9058677495694365
266,174,2,1,0,0,174,0,0,0,0,0,0,0,0,train,4.861341863324144
269,172,0,1,172,0,0,0,0,0,0,0,0,0,0,train,4.817453827699474
456,171,0,1,171,0,0,0,0,0,0,0,0,0,0,train,4.774136248866973
29,170,1,1,0,170,0,0,0,0,0,0,0,0,0,train,4.731250911093306
37,169,8,1,0,0,0,0,0,0,0,0,169,0,0,train,4.672054221617718
264,169,8,1,0,0,0,0,0,0,0,0,169,0,0,train,4.617305882916815
434,168,0,5,133,0,1,1,0,0,0,32,1,0,0,test,4.571677605481557
406,168,1,1,0,168,0,0,0,0,0,0,0,0,0,train,4.530033738757697
197,167,0,6,128,0,0,22,1,0,1,9,0,0,6,train,4.486418674457826
59,166,1,1,0,166,0,0,0,0,0,0,0,0,0,train,4.44578254224882
158,166,7,1,0,0,0,0,0,0,0,166,0,0,0,train,4.388782483854335
53,163,1,8,57,67,6,22,1,0,1,8,1,0,0,train,4.348219725414666
49,163,4,1,0,0,0,0,163,0,0,0,0,0,0,train,4.298585669965476
40,162,1,1,0,162,0,0,0,0,0,0,0,0,0,train,4.259855159323206
436,162,2,1,0,0,162,0,0,0,0,0,0,0,0,train,4.221153743210988
212,162,0,1,162,0,0,0,0,0,0,0,0,0,0,train,4.18271756307356
231,161,0,3,158,1,0,2,0,0,0,0,0,0,0,train,4.144783561469138
90,161,2,1,0,0,161,0,0,0,0,0,0,0,0,train,4.1070127193430634
206,161,0,1,161,0,0,0,0,0,0,0,0,0,0,train,4.0695645380215755
91,160,3,5,5,1,0,152,0,1,1,0,0,0,0,train,4.031296951883959
432,160,5,1,0,0,0,0,0,160,0,0,0,0,0,train,3.983477231929089
126,158,10,1,0,0,0,0,0,0,0,0,0,0,158,train,3.919384857146104
282,157,3,1,0,0,0,157,0,0,0,0,0,0,0,train,3.8826030536834595
62,156,1,1,0,156,0,0,0,0,0,0,0,0,0,train,3.8472648215870073
389,155,8,1,0,0,0,0,0,0,0,0,155,0,0,test,3.800884762806439
10,151,2,1,0,0,151,0,0,0,0,0,0,0,0,train,3.766810166356245
189,150,1,1,0,150,0,0,0,0,0,0,0,0,0,train,3.733252694893433
87,150,0,1,150,0,0,0,0,0,0,0,0,0,0,train,3.69984278294877
166,149,3,9,15,2,13,49,0,0,6,17,26,20,1,train,3.6594095889851963
78,149,1,1,0,149,0,0,0,0,0,0,0,0,0,train,3.6266550537465907
382,148,3,1,0,0,0,148,0,0,0,0,0,0,0,train,3.5933050279397167
66,147,3,1,0,0,0,147,0,0,0,0,0,0,0,train,3.560452748629615
143,145,0,2,141,0,0,0,0,0,0,0,4,0,0,train,3.5287929937049274
96,145,1,1,0,145,0,0,0,0,0,0,0,0,0,train,3.4976295370511203
195,145,2,1,0,0,145,0,0,0,0,0,0,0,0,train,3.4664505911772476
213,144,7,4,14,3,0,39,0,0,0,88,0,0,0,test,3.426348250350535
490,144,0,1,144,0,0,0,0,0,0,0,0,0,0,train,3.3956840405512088
121,144,5,1,0,0,0,0,0,144,0,0,0,0,0,train,3.3563378252684757
1,143,2,6,9,15,70,38,2,0,9,0,0,0,0,train,3.325168288891697
400,143,1,1,0,143,0,0,0,0,0,0,0,0,0,train,3.29528501941113
64,142,3,4,1,0,3,134,4,0,0,0,0,0,0,train,3.2647009066834083
235,142,4,1,0,0,0,0,142,0,0,0,0,0,0,train,3.227072726522069
230,141,3,1,0,0,0,141,0,0,0,0,0,0,0,train,3.197304644613709
375,139,3,1,0,0,0,139,0,0,0,0,0,0,0,train,3.1682032910671634
316,138,4,1,0,0,0,0,138,0,0,0,0,0,0,train,3.133136902796392
125,138,2,1,0,0,138,0,0,0,0,0,0,0,0,train,3.105050348060618
470,138,0,1,138,0,0,0,0,0,0,0,0,0,0,train,3.0771898015769956
354,136,2,1,0,0,136,0,0,0,0,0,0,0,0,train,3.0498674438182753
347,134,2,1,0,0,134,0,0,0,0,0,0,0,0,train,3.023157201057952
132,133,1,1,0,133,0,0,0,0,0,0,0,0,0,train,2.996808039303506
380,133,1,1,0,133,0,0,0,0,0,0,0,0,0,train,2.970653111427324
363,133,9,1,0,0,0,0,0,0,0,0,0,133,0,validation,2.906696627164081
153,132,2,1,0,0,132,0,0,0,0,0,0,0,0,train,2.880852058958136
329,132,2,1,0,0,132,0,0,0,0,0,0,0,0,train,2.855210063408675
178,131,0,1,131,0,0,0,0,0,0,0,0,0,0,train,2.8297368704166983
281,131,1,1,0,131,0,0,0,0,0,0,0,0,0,train,2.804552573610434
433,131,0,1,131,0,0,0,0,0,0,0,0,0,0,train,2.7793923770475457
167,131,0,1,131,0,0,0,0,0,0,0,0,0,0,train,2.7544166810832564
234,130,1,1,0,130,0,0,0,0,0,0,0,0,0,train,2.729865944713956
106,129,2,1,0,0,129,0,0,0,0,0,0,0,0,train,2.70563414527995
440,129,7,1,0,0,0,0,0,0,0,129,0,0,0,train,2.669974543790185
181,129,5,1,0,0,0,0,0,129,0,0,0,0,0,train,2.638754848791523
396,128,6,5,1,23,0,0,0,6,97,0,0,1,0,train,2.6077387879752165
151,128,4,1,0,0,0,0,128,0,0,0,0,0,0,train,2.5784335211404725
334,128,7,1,0,0,0,0,0,0,0,128,0,0,0,train,2.5450367445786126
265,127,0,2,124,0,0,3,0,0,0,0,0,0,0,train,2.5218392147286104
465,127,3,2,0,12,0,115,0,0,0,0,0,0,0,train,2.498164665885964
356,126,6,6,5,0,0,51,1,9,59,0,1,0,0,train,2.4708474727559198
33,126,3,4,0,0,4,120,1,0,1,0,0,0,0,train,2.4475607263457655
384,125,1,2,60,65,0,0,0,0,0,0,0,0,0,train,2.425293526804239
142,124,3,1,0,0,0,124,0,0,0,0,0,0,0,train,2.4027554647498115
69,123,0,1,123,0,0,0,0,0,0,0,0,0,0,train,2.3810743613717653
458,123,0,1,123,0,0,0,0,0,0,0,0,0,0,train,2.3595559122420853
405,122,1,1,0,122,0,0,0,0,0,0,0,0,0,train,2.338346108467436
161,122,3,1,0,0,0,122,0,0,0,0,0,0,0,train,2.316696257935578
68,121,2,1,0,0,121,0,0,0,0,0,0,0,0,test,2.2956312696840415
171,121,5,1,0,0,0,0,0,121,0,0,0,0,0,train,2.2689195985480204
467,121,0,1,121,0,0,0,0,0,0,0,0,0,0,train,2.2482404442281365
454,120,2,1,0,0,120,0,0,0,0,0,0,0,0,train,2.2277878642077846
268,120,5,1,0,0,0,0,0,120,0,0,0,0,0,train,2.2024606688475523
94,120,0,1,120,0,0,0,0,0,0,0,0,0,0,train,2.1823235231252505
221,118,1,1,0,118,0,0,0,0,0,0,0,0,0,train,2.162604292737113
51,117,2,1,0,0,117,0,0,0,0,0,0,0,0,train,2.143137845239043
312,117,2,1,0,0,117,0,0,0,0,0,0,0,0,train,2.123830547023262
204,116,6,4,0,7,1,42,0,0,66,0,0,0,0,train,2.1006490021418167
157,115,2,1,0,0,115,0,0,0,0,0,0,0,0,train,2.0819271963719403
393,115,5,1,0,0,0,0,0,115,0,0,0,0,0,validation,2.059090855044234
172,115,2,1,0,0,115,0,0,0,0,0,0,0,0,train,2.0405228040598256
173,115,7,1,0,0,0,0,0,0,0,115,0,0,0,train,2.0140833154748545
283,114,1,2,1,113,0,0,0,0,0,0,0,0,0,train,1.9957735386770983
39,114,0,1,114,0,0,0,0,0,0,0,0,0,0,train,1.9775783027379688
43,113,1,1,0,113,0,0,0,0,0,0,0,0,0,train,1.959666263549905
483,112,3,2,0,0,0,108,0,0,4,0,0,0,0,train,1.9412428958352306
295,111,1,2,0,109,0,0,0,0,0,0,0,0,2,test,1.9234820562452852
276,111,3,1,0,0,0,111,0,0,0,0,0,0,0,train,1.9055837719994841
441,111,1,1,0,111,0,0,0,0,0,0,0,0,0,train,1.8883106116870199
138,111,5,1,0,0,0,0,0,111,0,0,0,0,0,train,1.867059196982506
148,111,7,1,0,0,0,0,0,0,0,111,0,0,0,train,1.8434260181599726
52,111,3,1,0,0,0,111,0,0,0,0,0,0,0,train,1.82595929560859
185,110,1,1,0,110,0,0,0,0,0,0,0,0,0,train,1.8092494903958536
176,109,1,1,0,109,0,0,0,0,0,0,0,0,0,train,1.7928226501353204
182,108,2,2,0,0,61,0,0,0,0,0,47,0,0,train,1.7736444833995386
225,107,1,1,0,107,0,0,0,0,0,0,0,0,0,train,1.757732471052809
128,107,2,1,0,0,107,0,0,0,0,0,0,0,0,train,1.7418686423958962
76,106,0,1,106,0,0,0,0,0,0,0,0,0,0,train,1.7261240914777405
44,105,2,1,0,0,105,0,0,0,0,0,0,0,0,train,1.710769518868776
381,105,9,1,0,0,0,0,0,0,0,0,0,105,0,train,1.6786270377814356
277,105,4,1,0,0,0,0,105,0,0,0,0,0,0,train,1.659025089126811
149,105,9,1,0,0,0,0,0,0,0,0,0,105,0,test,1.6270427820593913
104,105,1,1,0,105,0,0,0,0,0,0,0,0,0,train,1.6119655195365103
190,104,4,5,12,31,0,2,58,0,0,0,1,0,0,train,1.5948375997944026
186,104,0,1,104,0,0,0,0,0,0,0,0,0,0,train,1.5799196391697077
313,104,9,1,0,0,0,0,0,0,0,0,0,104,0,train,1.550565382285249
304,104,0,1,104,0,0,0,0,0,0,0,0,0,0,train,1.5358446927622975
288,104,0,1,104,0,0,0,0,0,0,0,0,0,0,train,1.5212402877492501
60,104,3,1,0,0,0,104,0,0,0,0,0,0,0,train,1.5062524103778414
114,103,9,1,0,0,0,0,0,0,0,0,0,103,0,train,1.4795364556682815
359,103,1,1,0,103,0,0,0,0,0,0,0,0,0,train,1.4654358385805575
449,103,9,1,0,0,0,0,0,0,0,0,0,103,0,train,1.4409045271474028
372,103,3,1,0,0,0,103,0,0,0,0,0,0,0,train,1.4264330073029858
217,103,1,1,0,103,0,0,0,0,0,0,0,0,0,train,1.4126077555181595
101,102,1,8,1,47,5,21,1,3,0,0,5,19,0,train,1.39672026479218
430,102,3,3,45,1,0,56,0,0,0,0,0,0,0,train,1.3828469264216188
267,102,2,1,0,0,102,0,0,0,0,0,0,0,0,train,1.369322186969238
80,102,1,1,0,102,0,0,0,0,0,0,0,0,0,train,1.3559967678334306
280,102,1,1,0,102,0,0,0,0,0,0,0,0,0,train,1.3427855897100855
183,101,7,7,1,5,1,3,0,2,0,65,24,0,0,train,1.324737392248443
133,101,0,1,101,0,0,0,0,0,0,0,0,0,0,train,1.3116112539952067
116,101,9,1,0,0,0,0,0,0,0,0,0,101,0,train,1.2906612365888834
130,101,1,1,0,101,0,0,0,0,0,0,0,0,0,train,1.2779230552158942
333,100,0,1,100,0,0,0,0,0,0,0,0,0,0,train,1.265186178697927
19,100,7,1,0,0,0,0,0,0,0,100,0,0,0,train,1.2480170971750728
416,100,2,1,0,0,100,0,0,0,0,0,0,0,0,validation,1.2353616625947232
89,100,3,1,0,0,0,100,0,0,0,0,0,0,0,train,1.2223910187708102
391,100,2,1,0,0,100,0,0,0,0,0,0,0,0,train,1.2099291874854519
491,99,5,1,0,0,0,0,0,99,0,0,0,0,0,train,1.1944587110655953
105,98,1,1,0,98,0,0,0,0,0,0,0,0,0,train,1.1825721240947842
376,98,2,1,0,0,98,0,0,0,0,0,0,0,0,train,1.170616882446743
9,97,2,5,0,32,61,2,1,0,0,0,1,0,0,train,1.158824651797338
75,97,2,1,0,0,97,0,0,0,0,0,0,0,0,train,1.1471962943640277
222,97,0,1,97,0,0,0,0,0,0,0,0,0,0,train,1.1355172995838263
466,97,2,1,0,0,97,0,0,0,0,0,0,0,0,train,1.124068783296308
358,96,8,5,4,0,11,0,7,0,0,3,71,0,0,train,1.108672936960608
98,96,1,1,0,96,0,0,0,0,0,0,0,0,0,train,1.0975602645261258
196,96,0,1,96,0,0,0,0,0,0,0,0,0,0,train,1.0863102614455618
88,95,3,4,0,3,0,90,0,0,0,1,1,0,0,train,1.0748061833042946
411,95,3,1,0,0,0,95,0,0,0,0,0,0,0,train,1.0634742129368275
498,95,1,1,0,95,0,0,0,0,0,0,0,0,0,test,1.052671324875073
220,95,4,1,0,0,0,0,95,0,0,0,0,0,0,train,1.0385296837681648
317,94,3,4,1,0,1,91,0,0,0,1,0,0,0,train,1.0274648595824183
497,94,9,3,0,0,2,0,0,0,1,0,0,91,0,train,1.011187724030198
345,94,3,1,0,0,0,94,0,0,0,0,0,0,0,train,1.0003292450190815
0,94,0,1,94,0,0,0,0,0,0,0,0,0,0,train,0.989809009204027
249,93,0,3,91,0,0,1,0,0,1,0,0,0,0,train,0.9794309901846445
112,93,1,1,0,93,0,0,0,0,0,0,0,0,0,train,0.9693549652641712
179,93,1,1,0,93,0,0,0,0,0,0,0,0,0,train,0.9593739105971375
259,92,3,5,3,0,8,74,0,0,0,0,2,0,5,train,0.9482771575776806
81,92,1,1,0,92,0,0,0,0,0,0,0,0,0,train,0.9385602456467067
163,92,5,1,0,0,0,0,0,92,0,0,0,0,0,train,0.9261341265830297
203,92,3,1,0,0,0,92,0,0,0,0,0,0,0,train,0.9160962694268551
499,92,10,1,0,0,0,0,0,0,0,0,0,0,92,train,0.8931633119428325
339,92,4,1,0,0,0,0,92,0,0,0,0,0,0,train,0.8807761937050796
291,91,6,2,1,0,0,0,0,0,90,0,0,0,0,train,0.8662215809317331
341,91,2,1,0,0,91,0,0,0,0,0,0,0,0,train,0.8568638122307757
353,91,1,1,0,91,0,0,0,0,0,0,0,0,0,train,0.8477187056198973
32,91,5,1,0,0,0,0,0,91,0,0,0,0,0,train,0.836347140945435
129,90,1,1,0,90,0,0,0,0,0,0,0,0,0,train,0.827453290080147
307,90,3,1,0,0,0,90,0,0,0,0,0,0,0,train,0.8181664841870051
227,90,3,1,0,0,0,90,0,0,0,0,0,0,0,test,0.8089144798322117
26,89,2,1,0,0,89,0,0,0,0,0,0,0,0,validation,0.7997805974236296
202,89,1,1,0,89,0,0,0,0,0,0,0,0,0,train,0.7911330084143788
349,89,4,1,0,0,0,0,89,0,0,0,0,0,0,train,0.780077149548512
79,89,2,1,0,0,89,0,0,0,0,0,0,0,0,train,0.7713780281322057
487,89,1,1,0,89,0,0,0,0,0,0,0,0,0,train,0.7629360351795342
256,88,3,4,1,0,0,82,0,0,3,2,0,0,0,train,0.7539584921086566
58,88,4,3,0,0,0,0,85,0,0,0,2,0,1,train,0.7435217749512377
216,88,3,1,0,0,0,88,0,0,0,0,0,0,0,train,0.7349269099054482
425,88,2,1,0,0,88,0,0,0,0,0,0,0,0,train,0.7266486721115235
414,87,2,5,2,0,71,0,0,5,7,2,0,0,0,train,0.7179759365438643
257,87,0,1,87,0,0,0,0,0,0,0,0,0,0,train,0.7097651927012147
310,87,0,1,87,0,0,0,0,0,0,0,0,0,0,train,0.7016358243629532
247,87,3,1,0,0,0,87,0,0,0,0,0,0,0,train,0.6934616160134608
46,87,0,1,87,0,0,0,0,0,0,0,0,0,0,train,0.6854702973210105
108,86,0,1,86,0,0,0,0,0,0,0,0,0,0,validation,0.6775681122919788
301,85,10,1,0,0,0,0,0,0,0,0,0,0,85,train,0.6600573925648605
95,84,0,2,67,0,0,0,0,0,0,17,0,0,0,train,0.6517672761864555
50,84,10,1,0,0,0,0,0,0,0,0,0,0,84,train,0.6368906297951928
388,83,4,1,0,0,0,0,83,0,0,0,0,0,0,train,0.6281749924680344
77,83,2,1,0,0,83,0,0,0,0,0,0,0,0,train,0.6209531593152022
155,83,2,1,0,0,83,0,0,0,0,0,0,0,0,train,0.6138114181636619
123,82,3,1,0,0,0,82,0,0,0,0,0,0,0,train,0.6065556837975282
147,82,2,1,0,0,82,0,0,0,0,0,0,0,0,train,0.5996289851525597
120,81,1,1,0,81,0,0,0,0,0,0,0,0,0,train,0.5929026695322919
232,81,5,1,0,0,0,0,0,81,0,0,0,0,0,train,0.5845159751206622
302,81,1,1,0,81,0,0,0,0,0,0,0,0,0,train,0.5779108290662498
16,81,2,1,0,0,81,0,0,0,0,0,0,0,0,test,0.5711773256968606
239,80,3,2,1,0,0,79,0,0,0,0,0,0,0,train,0.5643754238179743
200,80,1,1,0,80,0,0,0,0,0,0,0,0,0,train,0.5579704581890363
152,80,1,1,0,80,0,0,0,0,0,0,0,0,0,train,0.5516357676927166
228,79,0,1,79,0,0,0,0,0,0,0,0,0,0,train,0.5451469726104115
65,79,7,1,0,0,0,0,0,0,0,79,0,0,0,train,0.5357647991340876
479,79,2,1,0,0,79,0,0,0,0,0,0,0,0,train,0.5295446201916831
97,79,3,1,0,0,0,79,0,0,0,0,0,0,0,train,0.5231403191334676
468,79,10,1,0,0,0,0,0,0,0,0,0,0,79,train,0.5120206572186444
4,79,0,1,79,0,0,0,0,0,0,0,0,0,0,train,0.5057858821904249
115,78,1,1,0,78,0,0,0,0,0,0,0,0,0,train,0.4999540547076267
175,77,0,1,77,0,0,0,0,0,0,0,0,0,0,train,0.493986664451778
340,77,4,1,0,0,0,0,77,0,0,0,0,0,0,test,0.48677153025172903
55,76,0,2,75,0,0,0,0,0,0,1,0,0,0,train,0.4809096786839461
7,76,4,1,0,0,0,0,76,0,0,0,0,0,0,train,0.4741721269615771
377,75,2,1,0,0,75,0,0,0,0,0,0,0,0,train,0.4686395311060597
193,75,0,1,75,0,0,0,0,0,0,0,0,0,0,train,0.46303425423692046
474,75,3,1,0,0,0,75,0,0,0,0,0,0,0,train,0.45737214448346564
146,75,5,1,0,0,0,0,0,75,0,0,0,0,0,train,0.4507350897739196
485,75,3,1,0,0,0,75,0,0,0,0,0,0,0,validation,0.445110791868562
241,74,7,1,0,0,0,0,0,0,0,74,0,0,0,train,0.4373972422171013
473,74,10,1,0,0,0,0,0,0,0,0,0,0,74,train,0.4292968255784746
250,74,0,1,74,0,0,0,0,0,0,0,0,0,0,train,0.4239906748639116
74,74,2,1,0,0,74,0,0,0,0,0,0,0,0,train,0.41884361848598334
404,73,1,1,0,73,0,0,0,0,0,0,0,0,0,train,0.41389708973067163
412,72,2,1,0,0,72,0,0,0,0,0,0,0,0,train,0.4089896047830999
368,72,7,1,0,0,0,0,0,0,0,72,0,0,0,validation,0.4015790094431566
351,72,4,1,0,0,0,0,72,0,0,0,0,0,0,train,0.39592993197397647
30,72,0,1,72,0,0,0,0,0,0,0,0,0,0,train,0.3909805803883588
263,72,0,1,72,0,0,0,0,0,0,0,0,0,0,train,0.38608696279861215
371,71,1,1,0,71,0,0,0,0,0,0,0,0,0,train,0.3814851954287721
139,71,3,1,0,0,0,71,0,0,0,0,0,0,0,train,0.37661707585987864
386,71,8,1,0,0,0,0,0,0,0,0,71,0,0,train,0.36879684239329613
460,70,6,1,0,0,0,0,0,0,70,0,0,0,0,train,0.36062536728927774
245,69,0,3,44,0,0,1,0,0,0,24,0,0,0,train,0.3554664286329532
218,69,7,1,0,0,0,0,0,0,0,69,0,0,0,train,0.3493927054854453
284,69,8,1,0,0,0,0,0,0,0,0,69,0,0,train,0.34265249153954175
199,68,1,1,0,68,0,0,0,0,0,0,0,0,0,train,0.3385103974078716
332,68,2,1,0,0,68,0,0,0,0,0,0,0,0,train,0.334324981428954
314,67,7,1,0,0,0,0,0,0,0,67,0,0,0,train,0.3289781621588348
35,66,3,1,0,0,0,66,0,0,0,0,0,0,0,train,0.32478229903359257
14,66,0,1,66,0,0,0,0,0,0,0,0,0,0,train,0.32073000797842366
395,66,1,1,0,66,0,0,0,0,0,0,0,0,0,train,0.3168902435135469
422,66,3,1,0,0,0,66,0,0,0,0,0,0,0,train,0.3128143396171024
480,66,1,1,0,66,0,0,0,0,0,0,0,0,0,train,0.3090550224360034
8,65,3,1,0,0,0,65,0,0,0,0,0,0,0,train,0.3051264859238783
135,65,3,1,0,0,0,65,0,0,0,0,0,0,0,train,0.30125103027638067
401,65,5,1,0,0,0,0,0,65,0,0,0,0,0,train,0.2966778791798242
477,65,1,1,0,65,0,0,0,0,0,0,0,0,0,train,0.2931171769461911
293,64,8,2,0,2,0,0,0,0,0,0,62,0,0,train,0.28795349268445036
285,64,1,1,0,64,0,0,0,0,0,0,0,0,0,test,0.2844806175842479
448,64,1,1,0,64,0,0,0,0,0,0,0,0,0,train,0.28105113940553067
343,63,2,1,0,0,63,0,0,0,0,0,0,0,0,train,0.2775917520879146
229,63,1,1,0,63,0,0,0,0,0,0,0,0,0,train,0.2742895054988978
453,62,4,1,0,0,0,0,62,0,0,0,0,0,0,train,0.2704661059123736
352,62,0,1,62,0,0,0,0,0,0,0,0,0,0,train,0.26706138694388204
296,62,6,1,0,0,0,0,0,0,62,0,0,0,0,train,0.26086043727439123
338,61,0,1,61,0,0,0,0,0,0,0,0,0,0,train,0.2575792844435455
243,61,3,1,0,0,0,61,0,0,0,0,0,0,0,train,0.25427880771414524
492,60,2,1,0,0,60,0,0,0,0,0,0,0,0,train,0.2511937287646679
145,60,0,1,60,0,0,0,0,0,0,0,0,0,0,train,0.24805975247572182
13,60,2,1,0,0,60,0,0,0,0,0,0,0,0,train,0.24504348297728595
274,58,0,1,58,0,0,0,0,0,0,0,0,0,0,train,0.24207682009907716
496,58,8,1,0,0,0,0,0,0,0,0,58,0,0,train,0.2382097206347322
407,58,1,1,0,58,0,0,0,0,0,0,0,0,0,validation,0.23543613754596582
169,58,2,1,0,0,58,0,0,0,0,0,0,0,0,train,0.2326105717927974
254,58,0,1,58,0,0,0,0,0,0,0,0,0,0,train,0.22973045282002602
136,57,10,2,2,0,0,0,0,0,0,0,0,0,55,test,0.22356571696194746
431,57,0,1,57,0,0,0,0,0,0,0,0,0,0,train,0.22077049212863684
3,57,2,1,0,0,57,0,0,0,0,0,0,0,0,train,0.21808082912165672
165,57,5,1,0,0,0,0,0,57,0,0,0,0,0,train,0.214790378555813
438,57,2,1,0,0,57,0,0,0,0,0,0,0,0,train,0.21216281607839788
122,57,9,1,0,0,0,0,0,0,0,0,0,57,0,train,0.20650133019026837
426,57,3,1,0,0,0,57,0,0,0,0,0,0,0,train,0.2037570067455568
21,57,3,1,0,0,0,57,0,0,0,0,0,0,0,train,0.20105350217165574
140,57,6,1,0,0,0,0,0,0,57,0,0,0,0,train,0.19607980809357445
297,56,2,1,0,0,56,0,0,0,0,0,0,0,0,train,0.1936307306065061
457,56,2,1,0,0,56,0,0,0,0,0,0,0,0,train,0.19121811247726214
315,56,0,1,56,0,0,0,0,0,0,0,0,0,0,train,0.18872021037631959
109,55,7,2,0,0,0,0,0,0,1,54,0,0,0,train,0.18553399180741573
191,55,3,1,0,0,0,55,0,0,0,0,0,0,0,train,0.18307935273060144
488,55,9,1,0,0,0,0,0,0,0,0,0,55,0,train,0.17841260599458708
286,55,3,1,0,0,0,55,0,0,0,0,0,0,0,train,0.1760186217491327
450,55,2,1,0,0,55,0,0,0,0,0,0,0,0,train,0.17379823743220468
180,55,3,1,0,0,0,55,0,0,0,0,0,0,0,train,0.1714649080181102
27,55,1,1,0,55,0,0,0,0,0,0,0,0,0,train,0.16930701539545612
464,54,6,1,0,0,0,0,0,0,54,0,0,0,0,train,0.16511423578894396
486,54,1,1,0,54,0,0,0,0,0,0,0,0,0,train,0.1630497271912067
429,54,0,1,54,0,0,0,0,0,0,0,0,0,0,validation,0.16077805173083592
364,53,0,1,53,0,0,0,0,0,0,0,0,0,0,train,0.15864066574592037
156,53,2,1,0,0,53,0,0,0,0,0,0,0,0,train,0.15664184183327917
305,53,2,1,0,0,53,0,0,0,0,0,0,0,0,train,0.15467567555333203
63,53,2,1,0,0,53,0,0,0,0,0,0,0,0,train,0.15274216690607895
373,53,9,1,0,0,0,0,0,0,0,0,0,53,0,train,0.14902734063391587
255,53,2,1,0,0,53,0,0,0,0,0,0,0,0,train,0.14714752247221163
279,53,9,1,0,0,0,0,0,0,0,0,0,53,0,train,0.14401113554055398
323,53,1,1,0,53,0,0,0,0,0,0,0,0,0,train,0.14216322373139556
495,52,0,1,52,0,0,0,0,0,0,0,0,0,0,train,0.14023996848750048
321,52,5,1,0,0,0,0,0,52,0,0,0,0,0,test,0.13714959818314107
45,52,3,1,0,0,0,52,0,0,0,0,0,0,0,train,0.13522729314506576
290,51,3,1,0,0,0,51,0,0,0,0,0,0,0,train,0.13337495359226556
494,51,3,1,0,0,0,51,0,0,0,0,0,0,0,train,0.13155529175044667
319,50,1,1,0,50,0,0,0,0,0,0,0,0,0,train,0.1299173764396841
93,50,3,1,0,0,0,50,0,0,0,0,0,0,0,train,0.12818383628958036
427,50,9,1,0,0,0,0,0,0,0,0,0,50,0,train,0.12587035677571445
348,50,2,1,0,0,50,0,0,0,0,0,0,0,0,train,0.12429984562463436
102,50,3,1,0,0,0,50,0,0,0,0,0,0,0,train,0.12263515259849633
342,49,1,4,0,31,16,1,0,0,1,0,0,0,0,train,0.121092888415434
489,49,7,2,1,0,0,0,0,0,0,48,0,0,0,test,0.118879740667694
207,49,2,1,0,0,49,0,0,0,0,0,0,0,0,train,0.117408405949921
379,49,3,1,0,0,0,49,0,0,0,0,0,0,0,train,0.11584368408513648
383,49,1,1,0,49,0,0,0,0,0,0,0,0,0,train,0.11439777863647647
141,48,3,2,19,0,0,29,0,0,0,0,0,0,0,train,0.11289057693930254
258,47,2,3,6,0,27,0,0,0,14,0,0,0,0,train,0.1110192943319154
48,47,3,1,0,0,0,47,0,0,0,0,0,0,0,train,0.10960437687118113
299,46,7,1,0,0,0,0,0,0,0,46,0,0,0,train,0.10775760274673357
362,46,5,1,0,0,0,0,0,46,0,0,0,0,0,train,0.10601852435590656
170,46,3,1,0,0,0,46,0,0,0,0,0,0,0,train,0.10469227268864084
240,46,3,1,0,0,0,46,0,0,0,0,0,0,0,validation,0.10338432721841362
174,46,4,1,0,0,0,0,46,0,0,0,0,0,0,train,0.10178192532803751
205,45,1,1,0,45,0,0,0,0,0,0,0,0,0,train,0.10058712076777451
238,45,2,1,0,0,45,0,0,0,0,0,0,0,0,train,0.09942353949219077
38,44,6,1,0,0,0,0,0,0,44,0,0,0,0,train,0.09678475328869862
252,44,8,1,0,0,0,0,0,0,0,0,44,0,0,train,0.09511285989785268
242,44,0,1,44,0,0,0,0,0,0,0,0,0,0,train,0.09387550720627114
350,44,0,1,44,0,0,0,0,0,0,0,0,0,0,train,0.09265896875388833
390,44,7,1,0,0,0,0,0,0,0,44,0,0,0,train,0.0912202917165354
82,44,0,1,44,0,0,0,0,0,0,0,0,0,0,train,0.09003906362407998
387,43,0,2,41,2,0,0,0,0,0,0,0,0,0,train,0.08890976272512072
36,43,0,1,43,0,0,0,0,0,0,0,0,0,0,train,0.08779508899246868
420,43,5,1,0,0,0,0,0,43,0,0,0,0,0,train,0.08646605678527529
111,42,0,1,42,0,0,0,0,0,0,0,0,0,0,train,0.08541001923631128
417,42,0,1,42,0,0,0,0,0,0,0,0,0,0,train,0.08437294672760895
365,42,0,1,42,0,0,0,0,0,0,0,0,0,0,train,0.08335483925916828
410,42,3,1,0,0,0,42,0,0,0,0,0,0,0,train,0.08237311688803552
124,42,0,1,42,0,0,0,0,0,0,0,0,0,0,train,0.0813871827020907
484,42,0,1,42,0,0,0,0,0,0,0,0,0,0,validation,0.08040738382752999
28,42,1,1,0,42,0,0,0,0,0,0,0,0,0,train,0.079516371964838
110,41,2,2,0,1,40,0,0,0,0,0,0,0,0,train,0.07867434461106587
374,41,9,1,0,0,0,0,0,0,0,0,0,41,0,train,0.07757665163135534
346,41,3,1,0,0,0,41,0,0,0,0,0,0,0,test,0.07663716556211572
443,40,2,1,0,0,40,0,0,0,0,0,0,0,0,train,0.0758469981808466
246,40,5,1,0,0,0,0,0,40,0,0,0,0,0,train,0.074831439780543
493,40,1,1,0,40,0,0,0,0,0,0,0,0,0,train,0.07404952484336863
472,40,0,1,40,0,0,0,0,0,0,0,0,0,0,train,0.07320125141811204
394,39,3,1,0,0,0,39,0,0,0,0,0,0,0,train,0.07240469433184538
278,39,2,1,0,0,39,0,0,0,0,0,0,0,0,train,0.07169862211186756
17,39,3,1,0,0,0,39,0,0,0,0,0,0,0,train,0.0709325628763442
327,39,0,1,39,0,0,0,0,0,0,0,0,0,0,train,0.07015622466191043
271,39,0,1,39,0,0,0,0,0,0,0,0,0,0,train,0.06939623895668186
322,39,2,1,0,0,39,0,0,0,0,0,0,0,0,train,0.06874201620872396
326,38,1,3,16,21,0,1,0,0,0,0,0,0,0,train,0.06806351938550557
6,38,0,2,24,0,0,14,0,0,0,0,0,0,0,train,0.06736755473002516
459,38,0,1,38,0,0,0,0,0,0,0,0,0,0,train,0.06668046638506861
446,38,6,1,0,0,0,0,0,0,38,0,0,0,0,train,0.06489151833576204
103,38,8,1,0,0,0,0,0,0,0,0,38,0,0,train,0.06402743712982642
481,38,0,1,38,0,0,0,0,0,0,0,0,0,0,train,0.06337749783345839
261,38,2,1,0,0,38,0,0,0,0,0,0,0,0,validation,0.06277165224765943
311,38,0,1,38,0,0,0,0,0,0,0,0,0,0,train,0.06213723762143755
99,37,0,2,36,0,0,0,0,0,0,0,1,0,0,train,0.0615316705267059
298,37,0,1,37,0,0,0,0,0,0,0,0,0,0,train,0.06094346583625974
360,37,0,1,37,0,0,0,0,0,0,0,0,0,0,train,0.06036997947921392
262,37,1,1,0,37,0,0,0,0,0,0,0,0,0,train,0.059845419196565205
251,37,5,1,0,0,0,0,0,37,0,0,0,0,0,train,0.059201024609139855
162,36,3,1,0,0,0,36,0,0,0,0,0,0,0,train,0.05866670250469166
403,36,1,1,0,36,0,0,0,0,0,0,0,0,0,train,0.05819042547551434
399,36,0,1,36,0,0,0,0,0,0,0,0,0,0,train,0.057685920940265346
398,35,1,1,0,35,0,0,0,0,0,0,0,0,0,train,0.05724595154547231
210,34,1,1,0,34,0,0,0,0,0,0,0,0,0,train,0.05683143281896639
272,34,3,1,0,0,0,34,0,0,0,0,0,0,0,train,0.05637764173180093
428,34,0,1,34,0,0,0,0,0,0,0,0,0,0,train,0.05594018090781603
385,34,0,1,34,0,0,0,0,0,0,0,0,0,0,train,0.055515148420873364
150,33,5,1,0,0,0,0,0,33,0,0,0,0,0,train,0.055085013135130985
370,33,2,1,0,0,33,0,0,0,0,0,0,0,0,test,0.05465222770263686
452,32,3,2,0,0,1,31,0,0,0,0,0,0,0,train,0.054263981417054304
177,32,0,1,32,0,0,0,0,0,0,0,0,0,0,train,0.05389087840707391
260,32,0,1,32,0,0,0,0,0,0,0,0,0,0,train,0.0535287845814631
273,32,1,1,0,32,0,0,0,0,0,0,0,0,0,train,0.05320559353093987
469,32,3,1,0,0,0,32,0,0,0,0,0,0,0,train,0.05285166797218079
409,32,3,1,0,0,0,32,0,0,0,0,0,0,0,train,0.05251060745611483
418,31,2,1,0,0,31,0,0,0,0,0,0,0,0,train,0.05222499916553503
330,31,1,1,0,31,0,0,0,0,0,0,0,0,0,train,0.051944681458694957
463,31,4,1,0,0,0,0,31,0,0,0,0,0,0,train,0.05145686386308782
67,31,3,1,0,0,0,31,0,0,0,0,0,0,0,train,0.05116031670383896
478,30,10,1,0,0,0,0,0,0,0,0,0,0,30,train,0.05009996502392899
325,29,10,1,0,0,0,0,0,0,0,0,0,0,29,validation,0.04925090973944212
331,29,1,1,0,29,0,0,0,0,0,0,0,0,0,train,0.049018207163782745
57,29,3,1,0,0,0,29,0,0,0,0,0,0,0,train,0.048764533736159875
337,29,6,1,0,0,0,0,0,0,29,0,0,0,0,train,0.0477139194086243
289,28,6,1,0,0,0,0,0,0,28,0,0,0,0,train,0.04677693962191238
451,28,3,1,0,0,0,28,0,0,0,0,0,0,0,train,0.046553989555832564
462,28,2,1,0,0,28,0,0,0,0,0,0,0,0,train,0.04636139204554895
392,28,3,1,0,0,0,28,0,0,0,0,0,0,0,train,0.04615416210766291
70,27,3,4,1,0,1,23,0,0,0,2,0,0,0,train,0.04594996546854952
119,27,7,2,5,0,0,0,0,0,0,22,0,0,0,train,0.04563742604123269
378,27,1,1,0,27,0,0,0,0,0,0,0,0,0,train,0.04547435857105333
226,27,0,1,27,0,0,0,0,0,0,0,0,0,0,train,0.045285082383143146
25,27,1,1,0,27,0,0,0,0,0,0,0,0,0,train,0.04513547819805881
320,26,7,3,0,1,0,0,0,5,0,20,0,0,0,train,0.044901153771488754
461,26,2,1,0,0,26,0,0,0,0,0,0,0,0,train,0.044767376715493946
211,25,0,1,25,0,0,0,0,0,0,0,0,0,0,train,0.044613897377434195
455,25,9,1,0,0,0,0,0,0,0,0,0,25,0,validation,0.0444046759261409
344,25,3,1,0,0,0,25,0,0,0,0,0,0,0,test,0.04423194082840352
303,25,3,1,0,0,0,25,0,0,0,0,0,0,0,train,0.04409784067225881
318,24,4,1,0,0,0,0,24,0,0,0,0,0,0,train,0.04385090979523146
309,24,1,1,0,24,0,0,0,0,0,0,0,0,0,train,0.04374737488567955
442,24,0,1,24,0,0,0,0,0,0,0,0,0,0,train,0.0436194747914756
423,23,0,1,23,0,0,0,0,0,0,0,0,0,0,train,0.04350271486801168
445,22,3,1,0,0,0,22,0,0,0,0,0,0,0,train,0.043406851290783345
237,22,1,1,0,22,0,0,0,0,0,0,0,0,0,train,0.043328866694513815
413,22,3,1,0,0,0,22,0,0,0,0,0,0,0,train,0.043242707890303066
306,21,3,2,0,0,0,20,0,0,0,1,0,0,0,train,0.043162841044971416
408,21,6,1,0,0,0,0,0,0,21,0,0,0,0,train,0.042589105214306006
424,21,0,1,21,0,0,0,0,0,0,0,0,0,0,train,0.04250444738774894
275,20,10,1,0,0,0,0,0,0,0,0,0,0,20,train,0.042063700438220365
31,20,0,1,20,0,0,0,0,0,0,0,0,0,0,train,0.041990476977214176
437,20,3,1,0,0,0,20,0,0,0,0,0,0,0,train,0.0419348824015421
471,20,2,1,0,0,20,0,0,0,0,0,0,0,0,train,0.04188734257303823
476,19,2,1,0,0,19,0,0,0,0,0,0,0,0,train,0.04184648719516679
117,19,10,1,0,0,0,0,0,0,0,0,0,0,19,train,0.04156299846414493
435,19,3,1,0,0,0,19,0,0,0,0,0,0,0,train,0.041523089808333455
187,19,4,1,0,0,0,0,19,0,0,0,0,0,0,train,0.041401183774379575
85,19,3,1,0,0,0,19,0,0,0,0,0,0,0,train,0.04136851359596346
366,18,6,2,0,0,0,0,0,0,17,0,0,0,1,train,0.04094932083648375
22,18,1,1,0,18,0,0,0,0,0,0,0,0,0,train,0.04092693651291836
224,18,0,1,18,0,0,0,0,0,0,0,0,0,0,train,0.04088775932849254
369,18,4,1,0,0,0,0,18,0,0,0,0,0,0,train,0.040803007214849016
294,18,5,1,0,0,0,0,0,18,0,0,0,0,0,train,0.040772552093241377
444,17,6,1,0,0,0,0,0,0,17,0,0,0,0,train,0.04040170472624409
113,17,0,1,17,0,0,0,0,0,0,0,0,0,0,train,0.04037464890792064
184,16,1,2,0,15,0,1,0,0,0,0,0,0,0,train,0.04036804363240787
482,16,7,1,0,0,0,0,0,0,0,16,0,0,0,train,0.04031510923905295
402,16,2,1,0,0,16,0,0,0,0,0,0,0,0,train,0.04031175422507569
168,16,3,1,0,0,0,16,0,0,0,0,0,0,0,train,0.04030844755054783
56,16,0,1,16,0,0,0,0,0,0,0,0,0,0,train,0.04029348892593617
421,12,3,1,0,0,0,12,0,0,0,0,0,0,0,test,0.040285796648987675
336,10,2,1,0,0,10,0,0,0,0,0,0,0,0,validation,0.04027971734388153
86,1,1,1,0,1,0,0,0,0,0,0,0,0,0,validation,0.04027955115397944
