cluster_id,size,majority_label_id,n_classes_in_cluster,class_0_count,class_1_count,class_2_count,class_3_count,class_4_count,class_5_count,class_6_count,class_7_count,class_8_count,class_9_count,class_10_count,provisional_split,provisional_assignment_score,split,nearest_train_similarity_mean,nearest_train_similarity_median,nearest_train_similarity_min,nearest_train_similarity_q25,nearest_train_similarity_q75,nearest_train_similarity_max,controlled_assignment_score,similarity_penalty
16,81,2,1,0,0,81,0,0,0,0,0,0,0,0,test,0.5711773256968606,test,0.561170760864093,0.5384615659713745,0.4000000059604645,0.4935064911842346,0.6206896305084229,0.828125,1.5773826249231724,0.03846156597137451
47,303,0,10,93,36,15,14,2,2,22,10,84,0,25,test,9.527088082795416,test,0.46800714504994184,0.4337349534034729,0.2526315748691559,0.3105778098106384,0.6197183132171631,0.8392857313156128,5.647938207406939,0.0662650465965271
61,320,0,1,320,0,0,0,0,0,0,0,0,0,0,test,10.065291296797971,test,0.35876647802069783,0.3483146131038666,0.24719101190567017,0.3202815279364586,0.3871975690126419,0.7088607549667358,8.230648927475379,1.1550561606884004
71,362,0,2,361,0,0,0,0,0,0,1,0,0,0,validation,11.615722345587681,test,0.5026681240421632,0.4553429037332535,0.2666666805744171,0.3835616409778595,0.6173437535762787,0.8414633870124817,8.058304287554343,0.04465709626674652
73,235,0,1,235,0,0,0,0,0,0,0,0,0,0,test,7.790790768514205,test,0.3425105632619655,0.3404255211353302,0.2823529541492462,0.3199999928474426,0.35926246643066406,0.5285714268684387,5.168960103089794,1.1787234365940096
107,344,3,10,35,7,25,171,11,13,19,51,1,11,0,test,10.624330311699463,test,0.3139465048930846,0.26425938308238983,0.05882352963089943,0.2142857164144516,0.3720930218696594,0.9117646813392639,8.952547146367953,1.4072218507528307
108,86,0,1,86,0,0,0,0,0,0,0,0,0,0,validation,0.6775681122919788,test,0.4661890978730002,0.45102739334106445,0.3472222089767456,0.4234587848186493,0.4845833256840706,0.9230769276618958,1.605490055779351,0.04897260665893555
118,234,2,7,4,4,142,68,1,0,4,0,0,11,0,validation,7.669921411661334,test,0.4596053423662471,0.42108242213726044,0.24285714328289032,0.3465719148516655,0.5468229204416275,0.8125,3.4034895031709413,0.07891757786273956
127,198,3,1,0,0,0,198,0,0,0,0,0,0,0,validation,5.94576138898914,test,0.4714308448813178,0.45652174949645996,0.3478260934352875,0.42011362314224243,0.5,0.8133333325386047,2.523437013924632,0.04347825050354004
136,57,10,2,2,0,0,0,0,0,0,0,0,0,55,test,0.22356571696194746,test,0.3111757301447684,0.30434781312942505,0.24358974397182465,0.28787878155708313,0.3194444477558136,0.557692289352417,3.5038358573626778,1.286956560611725
149,105,9,1,0,0,0,0,0,0,0,0,0,105,0,test,1.6270427820593913,test,0.4164343916234516,0.43157893419265747,0.2631579041481018,0.3799999952316284,0.46315789222717285,0.5428571701049805,1.7038164755764047,0.06842106580734253
194,830,0,11,289,96,25,175,37,17,36,42,13,59,41,test,15.2192876054019,test,0.373035422021366,0.3181818127632141,0.17142857611179352,0.27034975588321686,0.44635988771915436,0.8771929740905762,14.368683663578881,1.2454545617103578
201,1073,3,11,110,113,154,271,14,59,267,14,17,25,29,validation,16.452608504866536,test,0.4622946456421899,0.4166666567325592,0.1696428507566452,0.32894736528396606,0.577464759349823,0.9152542352676392,14.03545764744462,0.0833333432674408
208,768,3,11,129,86,122,201,14,88,34,29,22,19,24,test,14.21633959840442,test,0.47473047821161646,0.44511379301548004,0.2368421107530594,0.35199660062789917,0.5925925970077515,0.8196721076965332,11.494416201243265,0.05488620698451996
213,144,7,4,14,3,0,39,0,0,0,88,0,0,0,test,3.426348250350535,test,0.4210195851822694,0.3821428567171097,0.2753623127937317,0.32943758368492126,0.45913462340831757,0.7924528121948242,3.1461367339454114,1.0535714298486711
219,320,10,11,47,27,13,51,6,2,75,6,5,6,82,validation,10.319832579032202,test,0.43616117113269864,0.40625,0.21359223127365112,0.324492409825325,0.506211906671524,0.8269230723381042,6.835818391770197,0.09375
240,46,3,1,0,0,0,46,0,0,0,0,0,0,0,validation,0.10338432721841362,test,0.5348579060772191,0.5279320776462555,0.41111111640930176,0.488095223903656,0.575955718755722,0.8550724387168884,1.6676218218625523,0.027932077646255493
248,401,3,11,20,22,89,151,1,12,81,4,3,8,10,test,12.395574546475281,test,0.46973267781020994,0.4285714328289032,0.21311475336551666,0.3552631437778473,0.557692289352417,0.8591549396514893,9.043413249135952,0.0714285671710968
285,64,1,1,0,64,0,0,0,0,0,0,0,0,0,test,0.2844806175842479,test,0.49158748239278793,0.4749843627214432,0.3802816867828369,0.42916666716337204,0.5157852470874786,0.7681159377098083,1.4901189701270279,0.025015637278556824
295,111,1,2,0,109,0,0,0,0,0,0,0,0,2,test,1.9234820562452852,test,0.40986059673197633,0.3731343150138855,0.29729729890823364,0.34375,0.460956409573555,0.7450980544090271,3.064256761031934,1.0805970549583437
300,228,0,2,227,0,0,0,1,0,0,0,0,0,0,test,7.363438402135823,test,0.4608213096334223,0.4660053998231888,0.25,0.4266343489289284,0.4937099516391754,0.6567164063453674,2.8930131595915176,0.03399460017681122
308,345,1,10,28,140,26,55,20,32,9,0,3,13,19,test,10.949683284722113,test,0.44539429230102595,0.43103447556495667,0.16326530277729034,0.31506848335266113,0.5579710006713867,0.9041095972061157,7.270386090825163,0.06896552443504333
321,52,5,1,0,0,0,0,0,52,0,0,0,0,0,test,0.13714959818314107,test,0.3525074536983783,0.33852414786815643,0.28828829526901245,0.3235294222831726,0.3844696953892708,0.5,3.3704020252721305,1.1844275563955309
325,29,10,1,0,0,0,0,0,0,0,0,0,0,29,validation,0.04925090973944212,test,0.3091678773534709,0.3076923191547394,0.2650602459907532,0.2933333218097687,0.3287671208381653,0.3684210479259491,3.648291027428268,1.276923042535782
335,191,5,7,10,0,2,1,10,160,1,7,0,0,0,test,5.659603879968628,test,0.3622900099342406,0.3541666567325592,0.2978723347187042,0.3333333432674408,0.3795776516199112,0.540145993232727,3.8122723159403225,1.1375000298023226
340,77,4,1,0,0,0,0,77,0,0,0,0,0,0,test,0.48677153025172903,test,0.5966933632825876,0.5974025726318359,0.35483869910240173,0.5416666865348816,0.6666666865348816,0.8382353186607361,1.5990500117028292,0.09740257263183594
344,25,3,1,0,0,0,25,0,0,0,0,0,0,0,test,0.04423194082840352,test,0.35621281862258913,0.3552631437778473,0.30136987566947937,0.32499998807907104,0.36486485600471497,0.4507042169570923,3.3823700901927243,1.1342105686664583
346,41,3,1,0,0,0,41,0,0,0,0,0,0,0,test,0.07663716556211572,test,0.3622702650907563,0.3571428656578064,0.27272728085517883,0.30666667222976685,0.4107142984867096,0.484375,3.337087045461665,1.128571403026581
363,133,9,1,0,0,0,0,0,0,0,0,0,133,0,validation,2.906696627164081,test,0.3525469580987342,0.32926830649375916,0.2295081913471222,0.28947368264198303,0.4197530746459961,0.6984127163887024,3.3815477315607083,1.2121950805187227
368,72,7,1,0,0,0,0,0,0,0,72,0,0,0,validation,0.4015790094431566,test,0.4642316351334254,0.4452991485595703,0.32098764181137085,0.4189937338232994,0.4945652186870575,0.6753246784210205,1.5450171751803476,0.05470085144042969
397,222,0,2,221,1,0,0,0,0,0,0,0,0,0,validation,6.913456060239008,test,0.48306656944322157,0.48606809973716736,0.29347825050354004,0.4032258093357086,0.5409836173057556,0.7972972989082336,2.6385670647245307,0.013931900262832642
416,100,2,1,0,0,100,0,0,0,0,0,0,0,0,validation,1.2353616625947232,test,0.5566155177354812,0.560821920633316,0.32926830649375916,0.5193572342395782,0.5839285552501678,0.8214285969734192,1.670308007966506,0.06082192063331604
419,243,2,2,0,0,242,0,0,0,1,0,0,0,0,validation,8.598738860680584,test,0.5452697159331522,0.5373134613037109,0.29729729890823364,0.45066508650779724,0.6421832740306854,0.8799999952316284,4.473745337840546,0.03731346130371094
429,54,0,1,54,0,0,0,0,0,0,0,0,0,0,validation,0.16077805173083592,test,0.3771734905463678,0.3734939694404602,0.3444444537162781,0.3595505654811859,0.38823530077934265,0.4571428596973419,3.204022436923792,1.0795180916786196
434,168,0,5,133,0,1,1,0,0,0,32,1,0,0,test,4.571677605481557,test,0.42247794941067696,0.39715954661369324,0.28735631704330444,0.355939082801342,0.45993392914533615,0.7894737124443054,3.097829873112775,1.0085213601589205
484,42,0,1,42,0,0,0,0,0,0,0,0,0,0,validation,0.08040738382752999,test,0.5561741214422953,0.550561785697937,0.4137931168079376,0.5162337571382523,0.569767415523529,0.8604651093482971,1.7126982111376967,0.05056178569793701
485,75,3,1,0,0,0,75,0,0,0,0,0,0,0,validation,0.445110791868562,test,0.46430548548698425,0.45348837971687317,0.3333333432674408,0.4148351699113846,0.47976189851760864,0.7200000286102295,1.5255330111930259,0.04651162028312683
489,49,7,2,1,0,0,0,0,0,0,48,0,0,0,test,0.118879740667694,test,0.3666294831402448,0.35384616255760193,0.30434781312942505,0.3442623019218445,0.38461539149284363,0.4545454680919647,3.3267036907799556,1.1384615123271944
498,95,1,1,0,95,0,0,0,0,0,0,0,0,0,test,1.052671324875073,test,0.513418247825221,0.5061728358268738,0.3255814015865326,0.42217741906642914,0.5516780912876129,0.8382353186607361,1.5635263329298876,0.006172835826873779
0,94,0,1,94,0,0,0,0,0,0,0,0,0,0,train,0.989809009204027,train,,,,,,,,
1,143,2,6,9,15,70,38,2,0,9,0,0,0,0,train,3.325168288891697,train,,,,,,,,
3,57,2,1,0,0,57,0,0,0,0,0,0,0,0,train,0.21808082912165672,train,,,,,,,,
4,79,0,1,79,0,0,0,0,0,0,0,0,0,0,train,0.5057858821904249,train,,,,,,,,
5,203,1,1,0,203,0,0,0,0,0,0,0,0,0,train,6.126689682242578,train,,,,,,,,
6,38,0,2,24,0,0,14,0,0,0,0,0,0,0,train,0.06736755473002516,train,,,,,,,,
7,76,4,1,0,0,0,0,76,0,0,0,0,0,0,train,0.4741721269615771,train,,,,,,,,
8,65,3,1,0,0,0,65,0,0,0,0,0,0,0,train,0.3051264859238783,train,,,,,,,,
9,97,2,5,0,32,61,2,1,0,0,0,1,0,0,train,1.158824651797338,train,,,,,,,,
10,151,2,1,0,0,151,0,0,0,0,0,0,0,0,train,3.766810166356245,train,,,,,,,,
13,60,2,1,0,0,60,0,0,0,0,0,0,0,0,train,0.24504348297728595,train,,,,,,,,
14,66,0,1,66,0,0,0,0,0,0,0,0,0,0,train,0.32073000797842366,train,,,,,,,,
17,39,3,1,0,0,0,39,0,0,0,0,0,0,0,train,0.0709325628763442,train,,,,,,,,
19,100,7,1,0,0,0,0,0,0,0,100,0,0,0,train,1.2480170971750728,train,,,,,,,,
20,176,1,1,0,176,0,0,0,0,0,0,0,0,0,train,4.996200029805875,train,,,,,,,,
21,57,3,1,0,0,0,57,0,0,0,0,0,0,0,train,0.20105350217165574,train,,,,,,,,
22,18,1,1,0,18,0,0,0,0,0,0,0,0,0,train,0.04092693651291836,train,,,,,,,,
23,199,6,9,8,26,3,47,0,2,81,0,2,1,29,train,6.058150282021952,train,,,,,,,,
25,27,1,1,0,27,0,0,0,0,0,0,0,0,0,train,0.04513547819805881,train,,,,,,,,
27,55,1,1,0,55,0,0,0,0,0,0,0,0,0,train,0.16930701539545612,train,,,,,,,,
28,42,1,1,0,42,0,0,0,0,0,0,0,0,0,train,0.079516371964838,train,,,,,,,,
29,170,1,1,0,170,0,0,0,0,0,0,0,0,0,train,4.731250911093306,train,,,,,,,,
30,72,0,1,72,0,0,0,0,0,0,0,0,0,0,train,0.3909805803883588,train,,,,,,,,
31,20,0,1,20,0,0,0,0,0,0,0,0,0,0,train,0.041990476977214176,train,,,,,,,,
32,91,5,1,0,0,0,0,0,91,0,0,0,0,0,train,0.836347140945435,train,,,,,,,,
33,126,3,4,0,0,4,120,1,0,1,0,0,0,0,train,2.4475607263457655,train,,,,,,,,
35,66,3,1,0,0,0,66,0,0,0,0,0,0,0,train,0.32478229903359257,train,,,,,,,,
36,43,0,1,43,0,0,0,0,0,0,0,0,0,0,train,0.08779508899246868,train,,,,,,,,
37,169,8,1,0,0,0,0,0,0,0,0,169,0,0,train,4.672054221617718,train,,,,,,,,
38,44,6,1,0,0,0,0,0,0,44,0,0,0,0,train,0.09678475328869862,train,,,,,,,,
39,114,0,1,114,0,0,0,0,0,0,0,0,0,0,train,1.9775783027379688,train,,,,,,,,
40,162,1,1,0,162,0,0,0,0,0,0,0,0,0,train,4.259855159323206,train,,,,,,,,
41,180,1,1,0,180,0,0,0,0,0,0,0,0,0,train,5.2549961354361265,train,,,,,,,,
43,113,1,1,0,113,0,0,0,0,0,0,0,0,0,train,1.959666263549905,train,,,,,,,,
44,105,2,1,0,0,105,0,0,0,0,0,0,0,0,train,1.710769518868776,train,,,,,,,,
45,52,3,1,0,0,0,52,0,0,0,0,0,0,0,train,0.13522729314506576,train,,,,,,,,
46,87,0,1,87,0,0,0,0,0,0,0,0,0,0,train,0.6854702973210105,train,,,,,,,,
48,47,3,1,0,0,0,47,0,0,0,0,0,0,0,train,0.10960437687118113,train,,,,,,,,
49,163,4,1,0,0,0,0,163,0,0,0,0,0,0,train,4.298585669965476,train,,,,,,,,
50,84,10,1,0,0,0,0,0,0,0,0,0,0,84,train,0.6368906297951928,train,,,,,,,,
51,117,2,1,0,0,117,0,0,0,0,0,0,0,0,train,2.143137845239043,train,,,,,,,,
52,111,3,1,0,0,0,111,0,0,0,0,0,0,0,train,1.82595929560859,train,,,,,,,,
53,163,1,8,57,67,6,22,1,0,1,8,1,0,0,train,4.348219725414666,train,,,,,,,,
54,174,0,1,174,0,0,0,0,0,0,0,0,0,0,train,4.9058677495694365,train,,,,,,,,
55,76,0,2,75,0,0,0,0,0,0,1,0,0,0,train,0.4809096786839461,train,,,,,,,,
56,16,0,1,16,0,0,0,0,0,0,0,0,0,0,train,0.04029348892593617,train,,,,,,,,
57,29,3,1,0,0,0,29,0,0,0,0,0,0,0,train,0.048764533736159875,train,,,,,,,,
58,88,4,3,0,0,0,0,85,0,0,0,2,0,1,train,0.7435217749512377,train,,,,,,,,
59,166,1,1,0,166,0,0,0,0,0,0,0,0,0,train,4.44578254224882,train,,,,,,,,
60,104,3,1,0,0,0,104,0,0,0,0,0,0,0,train,1.5062524103778414,train,,,,,,,,
62,156,1,1,0,156,0,0,0,0,0,0,0,0,0,train,3.8472648215870073,train,,,,,,,,
63,53,2,1,0,0,53,0,0,0,0,0,0,0,0,train,0.15274216690607895,train,,,,,,,,
64,142,3,4,1,0,3,134,4,0,0,0,0,0,0,train,3.2647009066834083,train,,,,,,,,
65,79,7,1,0,0,0,0,0,0,0,79,0,0,0,train,0.5357647991340876,train,,,,,,,,
66,147,3,1,0,0,0,147,0,0,0,0,0,0,0,train,3.560452748629615,train,,,,,,,,
67,31,3,1,0,0,0,31,0,0,0,0,0,0,0,train,0.05116031670383896,train,,,,,,,,
69,123,0,1,123,0,0,0,0,0,0,0,0,0,0,train,2.3810743613717653,train,,,,,,,,
70,27,3,4,1,0,1,23,0,0,0,2,0,0,0,train,0.04594996546854952,train,,,,,,,,
72,204,2,1,0,0,204,0,0,0,0,0,0,0,0,train,6.1837484370451,train,,,,,,,,
74,74,2,1,0,0,74,0,0,0,0,0,0,0,0,train,0.41884361848598334,train,,,,,,,,
75,97,2,1,0,0,97,0,0,0,0,0,0,0,0,train,1.1471962943640277,train,,,,,,,,
76,106,0,1,106,0,0,0,0,0,0,0,0,0,0,train,1.7261240914777405,train,,,,,,,,
77,83,2,1,0,0,83,0,0,0,0,0,0,0,0,train,0.6209531593152022,train,,,,,,,,
78,149,1,1,0,149,0,0,0,0,0,0,0,0,0,train,3.6266550537465907,train,,,,,,,,
79,89,2,1,0,0,89,0,0,0,0,0,0,0,0,train,0.7713780281322057,train,,,,,,,,
80,102,1,1,0,102,0,0,0,0,0,0,0,0,0,train,1.3559967678334306,train,,,,,,,,
81,92,1,1,0,92,0,0,0,0,0,0,0,0,0,train,0.9385602456467067,train,,,,,,,,
82,44,0,1,44,0,0,0,0,0,0,0,0,0,0,train,0.09003906362407998,train,,,,,,,,
84,182,3,1,0,0,0,182,0,0,0,0,0,0,0,train,5.400363106853172,train,,,,,,,,
85,19,3,1,0,0,0,19,0,0,0,0,0,0,0,train,0.04136851359596346,train,,,,,,,,
87,150,0,1,150,0,0,0,0,0,0,0,0,0,0,train,3.69984278294877,train,,,,,,,,
88,95,3,4,0,3,0,90,0,0,0,1,1,0,0,train,1.0748061833042946,train,,,,,,,,
89,100,3,1,0,0,0,100,0,0,0,0,0,0,0,train,1.2223910187708102,train,,,,,,,,
90,161,2,1,0,0,161,0,0,0,0,0,0,0,0,train,4.1070127193430634,train,,,,,,,,
91,160,3,5,5,1,0,152,0,1,1,0,0,0,0,train,4.031296951883959,train,,,,,,,,
92,179,8,1,0,0,0,0,0,0,0,0,179,0,0,train,5.185582714911192,train,,,,,,,,
93,50,3,1,0,0,0,50,0,0,0,0,0,0,0,train,0.12818383628958036,train,,,,,,,,
94,120,0,1,120,0,0,0,0,0,0,0,0,0,0,train,2.1823235231252505,train,,,,,,,,
95,84,0,2,67,0,0,0,0,0,0,17,0,0,0,train,0.6517672761864555,train,,,,,,,,
96,145,1,1,0,145,0,0,0,0,0,0,0,0,0,train,3.4976295370511203,train,,,,,,,,
97,79,3,1,0,0,0,79,0,0,0,0,0,0,0,train,0.5231403191334676,train,,,,,,,,
98,96,1,1,0,96,0,0,0,0,0,0,0,0,0,train,1.0975602645261258,train,,,,,,,,
99,37,0,2,36,0,0,0,0,0,0,0,1,0,0,train,0.0615316705267059,train,,,,,,,,
100,192,2,1,0,0,192,0,0,0,0,0,0,0,0,train,5.79589635939623,train,,,,,,,,
101,102,1,8,1,47,5,21,1,3,0,0,5,19,0,train,1.39672026479218,train,,,,,,,,
102,50,3,1,0,0,0,50,0,0,0,0,0,0,0,train,0.12263515259849633,train,,,,,,,,
103,38,8,1,0,0,0,0,0,0,0,0,38,0,0,train,0.06402743712982642,train,,,,,,,,
104,105,1,1,0,105,0,0,0,0,0,0,0,0,0,train,1.6119655195365103,train,,,,,,,,
105,98,1,1,0,98,0,0,0,0,0,0,0,0,0,train,1.1825721240947842,train,,,,,,,,
106,129,2,1,0,0,129,0,0,0,0,0,0,0,0,train,2.70563414527995,train,,,,,,,,
109,55,7,2,0,0,0,0,0,0,1,54,0,0,0,train,0.18553399180741573,train,,,,,,,,
110,41,2,2,0,1,40,0,0,0,0,0,0,0,0,train,0.07867434461106587,train,,,,,,,,
111,42,0,1,42,0,0,0,0,0,0,0,0,0,0,train,0.08541001923631128,train,,,,,,,,
112,93,1,1,0,93,0,0,0,0,0,0,0,0,0,train,0.9693549652641712,train,,,,,,,,
113,17,0,1,17,0,0,0,0,0,0,0,0,0,0,train,0.04037464890792064,train,,,,,,,,
114,103,9,1,0,0,0,0,0,0,0,0,0,103,0,train,1.4795364556682815,train,,,,,,,,
115,78,1,1,0,78,0,0,0,0,0,0,0,0,0,train,0.4999540547076267,train,,,,,,,,
116,101,9,1,0,0,0,0,0,0,0,0,0,101,0,train,1.2906612365888834,train,,,,,,,,
117,19,10,1,0,0,0,0,0,0,0,0,0,0,19,train,0.04156299846414493,train,,,,,,,,
119,27,7,2,5,0,0,0,0,0,0,22,0,0,0,train,0.04563742604123269,train,,,,,,,,
120,81,1,1,0,81,0,0,0,0,0,0,0,0,0,train,0.5929026695322919,train,,,,,,,,
121,144,5,1,0,0,0,0,0,144,0,0,0,0,0,train,3.3563378252684757,train,,,,,,,,
122,57,9,1,0,0,0,0,0,0,0,0,0,57,0,train,0.20650133019026837,train,,,,,,,,
123,82,3,1,0,0,0,82,0,0,0,0,0,0,0,train,0.6065556837975282,train,,,,,,,,
124,42,0,1,42,0,0,0,0,0,0,0,0,0,0,train,0.0813871827020907,train,,,,,,,,
125,138,2,1,0,0,138,0,0,0,0,0,0,0,0,train,3.105050348060618,train,,,,,,,,
126,158,10,1,0,0,0,0,0,0,0,0,0,0,158,train,3.919384857146104,train,,,,,,,,
128,107,2,1,0,0,107,0,0,0,0,0,0,0,0,train,1.7418686423958962,train,,,,,,,,
129,90,1,1,0,90,0,0,0,0,0,0,0,0,0,train,0.827453290080147,train,,,,,,,,
130,101,1,1,0,101,0,0,0,0,0,0,0,0,0,train,1.2779230552158942,train,,,,,,,,
131,189,0,4,148,0,0,7,0,0,0,1,0,0,33,train,5.549350503257486,train,,,,,,,,
132,133,1,1,0,133,0,0,0,0,0,0,0,0,0,train,2.996808039303506,train,,,,,,,,
133,101,0,1,101,0,0,0,0,0,0,0,0,0,0,train,1.3116112539952067,train,,,,,,,,
135,65,3,1,0,0,0,65,0,0,0,0,0,0,0,train,0.30125103027638067,train,,,,,,,,
137,199,2,1,0,0,199,0,0,0,0,0,0,0,0,train,6.002744883782784,train,,,,,,,,
138,111,5,1,0,0,0,0,0,111,0,0,0,0,0,train,1.867059196982506,train,,,,,,,,
139,71,3,1,0,0,0,71,0,0,0,0,0,0,0,train,0.37661707585987864,train,,,,,,,,
140,57,6,1,0,0,0,0,0,0,57,0,0,0,0,train,0.19607980809357445,train,,,,,,,,
141,48,3,2,19,0,0,29,0,0,0,0,0,0,0,train,0.11289057693930254,train,,,,,,,,
142,124,3,1,0,0,0,124,0,0,0,0,0,0,0,train,2.4027554647498115,train,,,,,,,,
143,145,0,2,141,0,0,0,0,0,0,0,4,0,0,train,3.5287929937049274,train,,,,,,,,
145,60,0,1,60,0,0,0,0,0,0,0,0,0,0,train,0.24805975247572182,train,,,,,,,,
146,75,5,1,0,0,0,0,0,75,0,0,0,0,0,train,0.4507350897739196,train,,,,,,,,
147,82,2,1,0,0,82,0,0,0,0,0,0,0,0,train,0.5996289851525597,train,,,,,,,,
148,111,7,1,0,0,0,0,0,0,0,111,0,0,0,train,1.8434260181599726,train,,,,,,,,
150,33,5,1,0,0,0,0,0,33,0,0,0,0,0,train,0.055085013135130985,train,,,,,,,,
151,128,4,1,0,0,0,0,128,0,0,0,0,0,0,train,2.5784335211404725,train,,,,,,,,
152,80,1,1,0,80,0,0,0,0,0,0,0,0,0,train,0.5516357676927166,train,,,,,,,,
153,132,2,1,0,0,132,0,0,0,0,0,0,0,0,train,2.880852058958136,train,,,,,,,,
154,222,6,1,0,0,0,0,0,0,222,0,0,0,0,train,6.826777774098039,train,,,,,,,,
155,83,2,1,0,0,83,0,0,0,0,0,0,0,0,train,0.6138114181636619,train,,,,,,,,
156,53,2,1,0,0,53,0,0,0,0,0,0,0,0,train,0.15664184183327917,train,,,,,,,,
157,115,2,1,0,0,115,0,0,0,0,0,0,0,0,train,2.0819271963719403,train,,,,,,,,
158,166,7,1,0,0,0,0,0,0,0,166,0,0,0,train,4.388782483854335,train,,,,,,,,
159,209,2,1,0,0,209,0,0,0,0,0,0,0,0,train,6.420819243557062,train,,,,,,,,
161,122,3,1,0,0,0,122,0,0,0,0,0,0,0,train,2.316696257935578,train,,,,,,,,
162,36,3,1,0,0,0,36,0,0,0,0,0,0,0,train,0.05866670250469166,train,,,,,,,,
163,92,5,1,0,0,0,0,0,92,0,0,0,0,0,train,0.9261341265830297,train,,,,,,,,
164,175,1,1,0,175,0,0,0,0,0,0,0,0,0,train,4.950816439071736,train,,,,,,,,
165,57,5,1,0,0,0,0,0,57,0,0,0,0,0,train,0.214790378555813,train,,,,,,,,
166,149,3,9,15,2,13,49,0,0,6,17,26,20,1,train,3.6594095889851963,train,,,,,,,,
167,131,0,1,131,0,0,0,0,0,0,0,0,0,0,train,2.7544166810832564,train,,,,,,,,
168,16,3,1,0,0,0,16,0,0,0,0,0,0,0,train,0.04030844755054783,train,,,,,,,,
169,58,2,1,0,0,58,0,0,0,0,0,0,0,0,train,0.2326105717927974,train,,,,,,,,
170,46,3,1,0,0,0,46,0,0,0,0,0,0,0,train,0.10469227268864084,train,,,,,,,,
171,121,5,1,0,0,0,0,0,121,0,0,0,0,0,train,2.2689195985480204,train,,,,,,,,
172,115,2,1,0,0,115,0,0,0,0,0,0,0,0,train,2.0405228040598256,train,,,,,,,,
173,115,7,1,0,0,0,0,0,0,0,115,0,0,0,train,2.0140833154748545,train,,,,,,,,
174,46,4,1,0,0,0,0,46,0,0,0,0,0,0,train,0.10178192532803751,train,,,,,,,,
175,77,0,1,77,0,0,0,0,0,0,0,0,0,0,train,0.493986664451778,train,,,,,,,,
176,109,1,1,0,109,0,0,0,0,0,0,0,0,0,train,1.7928226501353204,train,,,,,,,,
177,32,0,1,32,0,0,0,0,0,0,0,0,0,0,train,0.05389087840707391,train,,,,,,,,
178,131,0,1,131,0,0,0,0,0,0,0,0,0,0,train,2.8297368704166983,train,,,,,,,,
179,93,1,1,0,93,0,0,0,0,0,0,0,0,0,train,0.9593739105971375,train,,,,,,,,
180,55,3,1,0,0,0,55,0,0,0,0,0,0,0,train,0.1714649080181102,train,,,,,,,,
181,129,5,1,0,0,0,0,0,129,0,0,0,0,0,train,2.638754848791523,train,,,,,,,,
182,108,2,2,0,0,61,0,0,0,0,0,47,0,0,train,1.7736444833995386,train,,,,,,,,
183,101,7,7,1,5,1,3,0,2,0,65,24,0,0,train,1.324737392248443,train,,,,,,,,
184,16,1,2,0,15,0,1,0,0,0,0,0,0,0,train,0.04036804363240787,train,,,,,,,,
185,110,1,1,0,110,0,0,0,0,0,0,0,0,0,train,1.8092494903958536,train,,,,,,,,
186,104,0,1,104,0,0,0,0,0,0,0,0,0,0,train,1.5799196391697077,train,,,,,,,,
187,19,4,1,0,0,0,0,19,0,0,0,0,0,0,train,0.041401183774379575,train,,,,,,,,
189,150,1,1,0,150,0,0,0,0,0,0,0,0,0,train,3.733252694893433,train,,,,,,,,
190,104,4,5,12,31,0,2,58,0,0,0,1,0,0,train,1.5948375997944026,train,,,,,,,,
191,55,3,1,0,0,0,55,0,0,0,0,0,0,0,train,0.18307935273060144,train,,,,,,,,
192,191,2,9,7,44,50,39,0,0,19,1,29,1,1,train,5.737497271718962,train,,,,,,,,
193,75,0,1,75,0,0,0,0,0,0,0,0,0,0,train,0.46303425423692046,train,,,,,,,,
195,145,2,1,0,0,145,0,0,0,0,0,0,0,0,train,3.4664505911772476,train,,,,,,,,
196,96,0,1,96,0,0,0,0,0,0,0,0,0,0,train,1.0863102614455618,train,,,,,,,,
197,167,0,6,128,0,0,22,1,0,1,9,0,0,6,train,4.486418674457826,train,,,,,,,,
199,68,1,1,0,68,0,0,0,0,0,0,0,0,0,train,0.3385103974078716,train,,,,,,,,
200,80,1,1,0,80,0,0,0,0,0,0,0,0,0,train,0.5579704581890363,train,,,,,,,,
202,89,1,1,0,89,0,0,0,0,0,0,0,0,0,train,0.7911330084143788,train,,,,,,,,
203,92,3,1,0,0,0,92,0,0,0,0,0,0,0,train,0.9160962694268551,train,,,,,,,,
204,116,6,4,0,7,1,42,0,0,66,0,0,0,0,train,2.1006490021418167,train,,,,,,,,
205,45,1,1,0,45,0,0,0,0,0,0,0,0,0,train,0.10058712076777451,train,,,,,,,,
206,161,0,1,161,0,0,0,0,0,0,0,0,0,0,train,4.0695645380215755,train,,,,,,,,
207,49,2,1,0,0,49,0,0,0,0,0,0,0,0,train,0.117408405949921,train,,,,,,,,
209,206,2,1,0,0,206,0,0,0,0,0,0,0,0,train,6.241640413170848,train,,,,,,,,
210,34,1,1,0,34,0,0,0,0,0,0,0,0,0,train,0.05683143281896639,train,,,,,,,,
211,25,0,1,25,0,0,0,0,0,0,0,0,0,0,train,0.044613897377434195,train,,,,,,,,
212,162,0,1,162,0,0,0,0,0,0,0,0,0,0,train,4.18271756307356,train,,,,,,,,
214,211,1,1,0,211,0,0,0,0,0,0,0,0,0,train,6.5427307367421275,train,,,,,,,,
216,88,3,1,0,0,0,88,0,0,0,0,0,0,0,train,0.7349269099054482,train,,,,,,,,
217,103,1,1,0,103,0,0,0,0,0,0,0,0,0,train,1.4126077555181595,train,,,,,,,,
218,69,7,1,0,0,0,0,0,0,0,69,0,0,0,train,0.3493927054854453,train,,,,,,,,
220,95,4,1,0,0,0,0,95,0,0,0,0,0,0,train,1.0385296837681648,train,,,,,,,,
221,118,1,1,0,118,0,0,0,0,0,0,0,0,0,train,2.162604292737113,train,,,,,,,,
222,97,0,1,97,0,0,0,0,0,0,0,0,0,0,train,1.1355172995838263,train,,,,,,,,
223,191,2,1,0,0,191,0,0,0,0,0,0,0,0,train,5.607597877992556,train,,,,,,,,
224,18,0,1,18,0,0,0,0,0,0,0,0,0,0,train,0.04088775932849254,train,,,,,,,,
225,107,1,1,0,107,0,0,0,0,0,0,0,0,0,train,1.757732471052809,train,,,,,,,,
226,27,0,1,27,0,0,0,0,0,0,0,0,0,0,train,0.045285082383143146,train,,,,,,,,
228,79,0,1,79,0,0,0,0,0,0,0,0,0,0,train,0.5451469726104115,train,,,,,,,,
229,63,1,1,0,63,0,0,0,0,0,0,0,0,0,train,0.2742895054988978,train,,,,,,,,
230,141,3,1,0,0,0,141,0,0,0,0,0,0,0,train,3.197304644613709,train,,,,,,,,
231,161,0,3,158,1,0,2,0,0,0,0,0,0,0,train,4.144783561469138,train,,,,,,,,
232,81,5,1,0,0,0,0,0,81,0,0,0,0,0,train,0.5845159751206622,train,,,,,,,,
233,188,0,2,186,2,0,0,0,0,0,0,0,0,0,train,5.4986548661619254,train,,,,,,,,
234,130,1,1,0,130,0,0,0,0,0,0,0,0,0,train,2.729865944713956,train,,,,,,,,
235,142,4,1,0,0,0,0,142,0,0,0,0,0,0,train,3.227072726522069,train,,,,,,,,
236,210,0,1,210,0,0,0,0,0,0,0,0,0,0,train,6.481777201204645,train,,,,,,,,
237,22,1,1,0,22,0,0,0,0,0,0,0,0,0,train,0.043328866694513815,train,,,,,,,,
238,45,2,1,0,0,45,0,0,0,0,0,0,0,0,train,0.09942353949219077,train,,,,,,,,
239,80,3,2,1,0,0,79,0,0,0,0,0,0,0,train,0.5643754238179743,train,,,,,,,,
241,74,7,1,0,0,0,0,0,0,0,74,0,0,0,train,0.4373972422171013,train,,,,,,,,
242,44,0,1,44,0,0,0,0,0,0,0,0,0,0,train,0.09387550720627114,train,,,,,,,,
243,61,3,1,0,0,0,61,0,0,0,0,0,0,0,train,0.25427880771414524,train,,,,,,,,
245,69,0,3,44,0,0,1,0,0,0,24,0,0,0,train,0.3554664286329532,train,,,,,,,,
246,40,5,1,0,0,0,0,0,40,0,0,0,0,0,train,0.074831439780543,train,,,,,,,,
247,87,3,1,0,0,0,87,0,0,0,0,0,0,0,train,0.6934616160134608,train,,,,,,,,
249,93,0,3,91,0,0,1,0,0,1,0,0,0,0,train,0.9794309901846445,train,,,,,,,,
250,74,0,1,74,0,0,0,0,0,0,0,0,0,0,train,0.4239906748639116,train,,,,,,,,
251,37,5,1,0,0,0,0,0,37,0,0,0,0,0,train,0.059201024609139855,train,,,,,,,,
252,44,8,1,0,0,0,0,0,0,0,0,44,0,0,train,0.09511285989785268,train,,,,,,,,
254,58,0,1,58,0,0,0,0,0,0,0,0,0,0,train,0.22973045282002602,train,,,,,,,,
255,53,2,1,0,0,53,0,0,0,0,0,0,0,0,train,0.14714752247221163,train,,,,,,,,
256,88,3,4,1,0,0,82,0,0,3,2,0,0,0,train,0.7539584921086566,train,,,,,,,,
257,87,0,1,87,0,0,0,0,0,0,0,0,0,0,train,0.7097651927012147,train,,,,,,,,
258,47,2,3,6,0,27,0,0,0,14,0,0,0,0,train,0.1110192943319154,train,,,,,,,,
259,92,3,5,3,0,8,74,0,0,0,0,2,0,5,train,0.9482771575776806,train,,,,,,,,
260,32,0,1,32,0,0,0,0,0,0,0,0,0,0,train,0.0535287845814631,train,,,,,,,,
262,37,1,1,0,37,0,0,0,0,0,0,0,0,0,train,0.059845419196565205,train,,,,,,,,
263,72,0,1,72,0,0,0,0,0,0,0,0,0,0,train,0.38608696279861215,train,,,,,,,,
264,169,8,1,0,0,0,0,0,0,0,0,169,0,0,train,4.617305882916815,train,,,,,,,,
265,127,0,2,124,0,0,3,0,0,0,0,0,0,0,train,2.5218392147286104,train,,,,,,,,
266,174,2,1,0,0,174,0,0,0,0,0,0,0,0,train,4.861341863324144,train,,,,,,,,
267,102,2,1,0,0,102,0,0,0,0,0,0,0,0,train,1.369322186969238,train,,,,,,,,
268,120,5,1,0,0,0,0,0,120,0,0,0,0,0,train,2.2024606688475523,train,,,,,,,,
269,172,0,1,172,0,0,0,0,0,0,0,0,0,0,train,4.817453827699474,train,,,,,,,,
270,206,3,1,0,0,0,206,0,0,0,0,0,0,0,train,6.300590926657117,train,,,,,,,,
271,39,0,1,39,0,0,0,0,0,0,0,0,0,0,train,0.06939623895668186,train,,,,,,,,
272,34,3,1,0,0,0,34,0,0,0,0,0,0,0,train,0.05637764173180093,train,,,,,,,,
273,32,1,1,0,32,0,0,0,0,0,0,0,0,0,train,0.05320559353093987,train,,,,,,,,
274,58,0,1,58,0,0,0,0,0,0,0,0,0,0,train,0.24207682009907716,train,,,,,,,,
275,20,10,1,0,0,0,0,0,0,0,0,0,0,20,train,0.042063700438220365,train,,,,,,,,
276,111,3,1,0,0,0,111,0,0,0,0,0,0,0,train,1.9055837719994841,train,,,,,,,,
277,105,4,1,0,0,0,0,105,0,0,0,0,0,0,train,1.659025089126811,train,,,,,,,,
278,39,2,1,0,0,39,0,0,0,0,0,0,0,0,train,0.07169862211186756,train,,,,,,,,
279,53,9,1,0,0,0,0,0,0,0,0,0,53,0,train,0.14401113554055398,train,,,,,,,,
280,102,1,1,0,102,0,0,0,0,0,0,0,0,0,train,1.3427855897100855,train,,,,,,,,
281,131,1,1,0,131,0,0,0,0,0,0,0,0,0,train,2.804552573610434,train,,,,,,,,
282,157,3,1,0,0,0,157,0,0,0,0,0,0,0,train,3.8826030536834595,train,,,,,,,,
283,114,1,2,1,113,0,0,0,0,0,0,0,0,0,train,1.9957735386770983,train,,,,,,,,
284,69,8,1,0,0,0,0,0,0,0,0,69,0,0,train,0.34265249153954175,train,,,,,,,,
286,55,3,1,0,0,0,55,0,0,0,0,0,0,0,train,0.1760186217491327,train,,,,,,,,
288,104,0,1,104,0,0,0,0,0,0,0,0,0,0,train,1.5212402877492501,train,,,,,,,,
289,28,6,1,0,0,0,0,0,0,28,0,0,0,0,train,0.04677693962191238,train,,,,,,,,
290,51,3,1,0,0,0,51,0,0,0,0,0,0,0,train,0.13337495359226556,train,,,,,,,,
291,91,6,2,1,0,0,0,0,0,90,0,0,0,0,train,0.8662215809317331,train,,,,,,,,
292,183,2,1,0,0,183,0,0,0,0,0,0,0,0,train,5.4497415633572786,train,,,,,,,,
293,64,8,2,0,2,0,0,0,0,0,0,62,0,0,train,0.28795349268445036,train,,,,,,,,
294,18,5,1,0,0,0,0,0,18,0,0,0,0,0,train,0.040772552093241377,train,,,,,,,,
296,62,6,1,0,0,0,0,0,0,62,0,0,0,0,train,0.26086043727439123,train,,,,,,,,
297,56,2,1,0,0,56,0,0,0,0,0,0,0,0,train,0.1936307306065061,train,,,,,,,,
298,37,0,1,37,0,0,0,0,0,0,0,0,0,0,train,0.06094346583625974,train,,,,,,,,
299,46,7,1,0,0,0,0,0,0,0,46,0,0,0,train,0.10775760274673357,train,,,,,,,,
301,85,10,1,0,0,0,0,0,0,0,0,0,0,85,train,0.6600573925648605,train,,,,,,,,
302,81,1,1,0,81,0,0,0,0,0,0,0,0,0,train,0.5779108290662498,train,,,,,,,,
303,25,3,1,0,0,0,25,0,0,0,0,0,0,0,train,0.04409784067225881,train,,,,,,,,
304,104,0,1,104,0,0,0,0,0,0,0,0,0,0,train,1.5358446927622975,train,,,,,,,,
305,53,2,1,0,0,53,0,0,0,0,0,0,0,0,train,0.15467567555333203,train,,,,,,,,
306,21,3,2,0,0,0,20,0,0,0,1,0,0,0,train,0.043162841044971416,train,,,,,,,,
307,90,3,1,0,0,0,90,0,0,0,0,0,0,0,train,0.8181664841870051,train,,,,,,,,
309,24,1,1,0,24,0,0,0,0,0,0,0,0,0,train,0.04374737488567955,train,,,,,,,,
310,87,0,1,87,0,0,0,0,0,0,0,0,0,0,train,0.7016358243629532,train,,,,,,,,
311,38,0,1,38,0,0,0,0,0,0,0,0,0,0,train,0.06213723762143755,train,,,,,,,,
312,117,2,1,0,0,117,0,0,0,0,0,0,0,0,train,2.123830547023262,train,,,,,,,,
313,104,9,1,0,0,0,0,0,0,0,0,0,104,0,train,1.550565382285249,train,,,,,,,,
314,67,7,1,0,0,0,0,0,0,0,67,0,0,0,train,0.3289781621588348,train,,,,,,,,
315,56,0,1,56,0,0,0,0,0,0,0,0,0,0,train,0.18872021037631959,train,,,,,,,,
316,138,4,1,0,0,0,0,138,0,0,0,0,0,0,train,3.133136902796392,train,,,,,,,,
317,94,3,4,1,0,1,91,0,0,0,1,0,0,0,train,1.0274648595824183,train,,,,,,,,
318,24,4,1,0,0,0,0,24,0,0,0,0,0,0,train,0.04385090979523146,train,,,,,,,,
319,50,1,1,0,50,0,0,0,0,0,0,0,0,0,train,0.1299173764396841,train,,,,,,,,
320,26,7,3,0,1,0,0,0,5,0,20,0,0,0,train,0.044901153771488754,train,,,,,,,,
322,39,2,1,0,0,39,0,0,0,0,0,0,0,0,train,0.06874201620872396,train,,,,,,,,
323,53,1,1,0,53,0,0,0,0,0,0,0,0,0,train,0.14216322373139556,train,,,,,,,,
324,178,5,1,0,0,0,0,0,178,0,0,0,0,0,train,5.042182120703008,train,,,,,,,,
326,38,1,3,16,21,0,1,0,0,0,0,0,0,0,train,0.06806351938550557,train,,,,,,,,
327,39,0,1,39,0,0,0,0,0,0,0,0,0,0,train,0.07015622466191043,train,,,,,,,,
328,220,6,8,32,0,26,77,4,1,78,1,0,1,0,train,6.754364624722426,train,,,,,,,,
329,132,2,1,0,0,132,0,0,0,0,0,0,0,0,train,2.855210063408675,train,,,,,,,,
330,31,1,1,0,31,0,0,0,0,0,0,0,0,0,train,0.051944681458694957,train,,,,,,,,
331,29,1,1,0,29,0,0,0,0,0,0,0,0,0,train,0.049018207163782745,train,,,,,,,,
332,68,2,1,0,0,68,0,0,0,0,0,0,0,0,train,0.334324981428954,train,,,,,,,,
333,100,0,1,100,0,0,0,0,0,0,0,0,0,0,train,1.265186178697927,train,,,,,,,,
334,128,7,1,0,0,0,0,0,0,0,128,0,0,0,train,2.5450367445786126,train,,,,,,,,
337,29,6,1,0,0,0,0,0,0,29,0,0,0,0,train,0.0477139194086243,train,,,,,,,,
338,61,0,1,61,0,0,0,0,0,0,0,0,0,0,train,0.2575792844435455,train,,,,,,,,
339,92,4,1,0,0,0,0,92,0,0,0,0,0,0,train,0.8807761937050796,train,,,,,,,,
341,91,2,1,0,0,91,0,0,0,0,0,0,0,0,train,0.8568638122307757,train,,,,,,,,
342,49,1,4,0,31,16,1,0,0,1,0,0,0,0,train,0.121092888415434,train,,,,,,,,
343,63,2,1,0,0,63,0,0,0,0,0,0,0,0,train,0.2775917520879146,train,,,,,,,,
345,94,3,1,0,0,0,94,0,0,0,0,0,0,0,train,1.0003292450190815,train,,,,,,,,
347,134,2,1,0,0,134,0,0,0,0,0,0,0,0,train,3.023157201057952,train,,,,,,,,
348,50,2,1,0,0,50,0,0,0,0,0,0,0,0,train,0.12429984562463436,train,,,,,,,,
349,89,4,1,0,0,0,0,89,0,0,0,0,0,0,train,0.780077149548512,train,,,,,,,,
350,44,0,1,44,0,0,0,0,0,0,0,0,0,0,train,0.09265896875388833,train,,,,,,,,
351,72,4,1,0,0,0,0,72,0,0,0,0,0,0,train,0.39592993197397647,train,,,,,,,,
352,62,0,1,62,0,0,0,0,0,0,0,0,0,0,train,0.26706138694388204,train,,,,,,,,
353,91,1,1,0,91,0,0,0,0,0,0,0,0,0,train,0.8477187056198973,train,,,,,,,,
354,136,2,1,0,0,136,0,0,0,0,0,0,0,0,train,3.0498674438182753,train,,,,,,,,
356,126,6,6,5,0,0,51,1,9,59,0,1,0,0,train,2.4708474727559198,train,,,,,,,,
357,216,4,1,0,0,0,0,216,0,0,0,0,0,0,train,6.6045012065649455,train,,,,,,,,
358,96,8,5,4,0,11,0,7,0,0,3,71,0,0,train,1.108672936960608,train,,,,,,,,
359,103,1,1,0,103,0,0,0,0,0,0,0,0,0,train,1.4654358385805575,train,,,,,,,,
360,37,0,1,37,0,0,0,0,0,0,0,0,0,0,train,0.06036997947921392,train,,,,,,,,
362,46,5,1,0,0,0,0,0,46,0,0,0,0,0,train,0.10601852435590656,train,,,,,,,,
364,53,0,1,53,0,0,0,0,0,0,0,0,0,0,train,0.15864066574592037,train,,,,,,,,
365,42,0,1,42,0,0,0,0,0,0,0,0,0,0,train,0.08335483925916828,train,,,,,,,,
366,18,6,2,0,0,0,0,0,0,17,0,0,0,1,train,0.04094932083648375,train,,,,,,,,
369,18,4,1,0,0,0,0,18,0,0,0,0,0,0,train,0.040803007214849016,train,,,,,,,,
371,71,1,1,0,71,0,0,0,0,0,0,0,0,0,train,0.3814851954287721,train,,,,,,,,
372,103,3,1,0,0,0,103,0,0,0,0,0,0,0,train,1.4264330073029858,train,,,,,,,,
373,53,9,1,0,0,0,0,0,0,0,0,0,53,0,train,0.14902734063391587,train,,,,,,,,
374,41,9,1,0,0,0,0,0,0,0,0,0,41,0,train,0.07757665163135534,train,,,,,,,,
375,139,3,1,0,0,0,139,0,0,0,0,0,0,0,train,3.1682032910671634,train,,,,,,,,
376,98,2,1,0,0,98,0,0,0,0,0,0,0,0,train,1.170616882446743,train,,,,,,,,
377,75,2,1,0,0,75,0,0,0,0,0,0,0,0,train,0.4686395311060597,train,,,,,,,,
378,27,1,1,0,27,0,0,0,0,0,0,0,0,0,train,0.04547435857105333,train,,,,,,,,
379,49,3,1,0,0,0,49,0,0,0,0,0,0,0,train,0.11584368408513648,train,,,,,,,,
380,133,1,1,0,133,0,0,0,0,0,0,0,0,0,train,2.970653111427324,train,,,,,,,,
381,105,9,1,0,0,0,0,0,0,0,0,0,105,0,train,1.6786270377814356,train,,,,,,,,
382,148,3,1,0,0,0,148,0,0,0,0,0,0,0,train,3.5933050279397167,train,,,,,,,,
383,49,1,1,0,49,0,0,0,0,0,0,0,0,0,train,0.11439777863647647,train,,,,,,,,
384,125,1,2,60,65,0,0,0,0,0,0,0,0,0,train,2.425293526804239,train,,,,,,,,
385,34,0,1,34,0,0,0,0,0,0,0,0,0,0,train,0.055515148420873364,train,,,,,,,,
386,71,8,1,0,0,0,0,0,0,0,0,71,0,0,train,0.36879684239329613,train,,,,,,,,
387,43,0,2,41,2,0,0,0,0,0,0,0,0,0,train,0.08890976272512072,train,,,,,,,,
388,83,4,1,0,0,0,0,83,0,0,0,0,0,0,train,0.6281749924680344,train,,,,,,,,
390,44,7,1,0,0,0,0,0,0,0,44,0,0,0,train,0.0912202917165354,train,,,,,,,,
391,100,2,1,0,0,100,0,0,0,0,0,0,0,0,train,1.2099291874854519,train,,,,,,,,
392,28,3,1,0,0,0,28,0,0,0,0,0,0,0,train,0.04615416210766291,train,,,,,,,,
394,39,3,1,0,0,0,39,0,0,0,0,0,0,0,train,0.07240469433184538,train,,,,,,,,
395,66,1,1,0,66,0,0,0,0,0,0,0,0,0,train,0.3168902435135469,train,,,,,,,,
396,128,6,5,1,23,0,0,0,6,97,0,0,1,0,train,2.6077387879752165,train,,,,,,,,
398,35,1,1,0,35,0,0,0,0,0,0,0,0,0,train,0.05724595154547231,train,,,,,,,,
399,36,0,1,36,0,0,0,0,0,0,0,0,0,0,train,0.057685920940265346,train,,,,,,,,
400,143,1,1,0,143,0,0,0,0,0,0,0,0,0,train,3.29528501941113,train,,,,,,,,
401,65,5,1,0,0,0,0,0,65,0,0,0,0,0,train,0.2966778791798242,train,,,,,,,,
402,16,2,1,0,0,16,0,0,0,0,0,0,0,0,train,0.04031175422507569,train,,,,,,,,
403,36,1,1,0,36,0,0,0,0,0,0,0,0,0,train,0.05819042547551434,train,,,,,,,,
404,73,1,1,0,73,0,0,0,0,0,0,0,0,0,train,0.41389708973067163,train,,,,,,,,
405,122,1,1,0,122,0,0,0,0,0,0,0,0,0,train,2.338346108467436,train,,,,,,,,
406,168,1,1,0,168,0,0,0,0,0,0,0,0,0,train,4.530033738757697,train,,,,,,,,
408,21,6,1,0,0,0,0,0,0,21,0,0,0,0,train,0.042589105214306006,train,,,,,,,,
409,32,3,1,0,0,0,32,0,0,0,0,0,0,0,train,0.05251060745611483,train,,,,,,,,
410,42,3,1,0,0,0,42,0,0,0,0,0,0,0,train,0.08237311688803552,train,,,,,,,,
411,95,3,1,0,0,0,95,0,0,0,0,0,0,0,train,1.0634742129368275,train,,,,,,,,
412,72,2,1,0,0,72,0,0,0,0,0,0,0,0,train,0.4089896047830999,train,,,,,,,,
413,22,3,1,0,0,0,22,0,0,0,0,0,0,0,train,0.043242707890303066,train,,,,,,,,
414,87,2,5,2,0,71,0,0,5,7,2,0,0,0,train,0.7179759365438643,train,,,,,,,,
417,42,0,1,42,0,0,0,0,0,0,0,0,0,0,train,0.08437294672760895,train,,,,,,,,
418,31,2,1,0,0,31,0,0,0,0,0,0,0,0,train,0.05222499916553503,train,,,,,,,,
420,43,5,1,0,0,0,0,0,43,0,0,0,0,0,train,0.08646605678527529,train,,,,,,,,
422,66,3,1,0,0,0,66,0,0,0,0,0,0,0,train,0.3128143396171024,train,,,,,,,,
423,23,0,1,23,0,0,0,0,0,0,0,0,0,0,train,0.04350271486801168,train,,,,,,,,
424,21,0,1,21,0,0,0,0,0,0,0,0,0,0,train,0.04250444738774894,train,,,,,,,,
425,88,2,1,0,0,88,0,0,0,0,0,0,0,0,train,0.7266486721115235,train,,,,,,,,
426,57,3,1,0,0,0,57,0,0,0,0,0,0,0,train,0.2037570067455568,train,,,,,,,,
427,50,9,1,0,0,0,0,0,0,0,0,0,50,0,train,0.12587035677571445,train,,,,,,,,
428,34,0,1,34,0,0,0,0,0,0,0,0,0,0,train,0.05594018090781603,train,,,,,,,,
430,102,3,3,45,1,0,56,0,0,0,0,0,0,0,train,1.3828469264216188,train,,,,,,,,
431,57,0,1,57,0,0,0,0,0,0,0,0,0,0,train,0.22077049212863684,train,,,,,,,,
432,160,5,1,0,0,0,0,0,160,0,0,0,0,0,train,3.983477231929089,train,,,,,,,,
433,131,0,1,131,0,0,0,0,0,0,0,0,0,0,train,2.7793923770475457,train,,,,,,,,
435,19,3,1,0,0,0,19,0,0,0,0,0,0,0,train,0.041523089808333455,train,,,,,,,,
436,162,2,1,0,0,162,0,0,0,0,0,0,0,0,train,4.221153743210988,train,,,,,,,,
437,20,3,1,0,0,0,20,0,0,0,0,0,0,0,train,0.0419348824015421,train,,,,,,,,
438,57,2,1,0,0,57,0,0,0,0,0,0,0,0,train,0.21216281607839788,train,,,,,,,,
440,129,7,1,0,0,0,0,0,0,0,129,0,0,0,train,2.669974543790185,train,,,,,,,,
441,111,1,1,0,111,0,0,0,0,0,0,0,0,0,train,1.8883106116870199,train,,,,,,,,
442,24,0,1,24,0,0,0,0,0,0,0,0,0,0,train,0.0436194747914756,train,,,,,,,,
443,40,2,1,0,0,40,0,0,0,0,0,0,0,0,train,0.0758469981808466,train,,,,,,,,
444,17,6,1,0,0,0,0,0,0,17,0,0,0,0,train,0.04040170472624409,train,,,,,,,,
445,22,3,1,0,0,0,22,0,0,0,0,0,0,0,train,0.043406851290783345,train,,,,,,,,
446,38,6,1,0,0,0,0,0,0,38,0,0,0,0,train,0.06489151833576204,train,,,,,,,,
448,64,1,1,0,64,0,0,0,0,0,0,0,0,0,train,0.28105113940553067,train,,,,,,,,
449,103,9,1,0,0,0,0,0,0,0,0,0,103,0,train,1.4409045271474028,train,,,,,,,,
450,55,2,1,0,0,55,0,0,0,0,0,0,0,0,train,0.17379823743220468,train,,,,,,,,
451,28,3,1,0,0,0,28,0,0,0,0,0,0,0,train,0.046553989555832564,train,,,,,,,,
452,32,3,2,0,0,1,31,0,0,0,0,0,0,0,train,0.054263981417054304,train,,,,,,,,
453,62,4,1,0,0,0,0,62,0,0,0,0,0,0,train,0.2704661059123736,train,,,,,,,,
454,120,2,1,0,0,120,0,0,0,0,0,0,0,0,train,2.2277878642077846,train,,,,,,,,
456,171,0,1,171,0,0,0,0,0,0,0,0,0,0,train,4.774136248866973,train,,,,,,,,
457,56,2,1,0,0,56,0,0,0,0,0,0,0,0,train,0.19121811247726214,train,,,,,,,,
458,123,0,1,123,0,0,0,0,0,0,0,0,0,0,train,2.3595559122420853,train,,,,,,,,
459,38,0,1,38,0,0,0,0,0,0,0,0,0,0,train,0.06668046638506861,train,,,,,,,,
460,70,6,1,0,0,0,0,0,0,70,0,0,0,0,train,0.36062536728927774,train,,,,,,,,
461,26,2,1,0,0,26,0,0,0,0,0,0,0,0,train,0.044767376715493946,train,,,,,,,,
462,28,2,1,0,0,28,0,0,0,0,0,0,0,0,train,0.04636139204554895,train,,,,,,,,
463,31,4,1,0,0,0,0,31,0,0,0,0,0,0,train,0.05145686386308782,train,,,,,,,,
464,54,6,1,0,0,0,0,0,0,54,0,0,0,0,train,0.16511423578894396,train,,,,,,,,
465,127,3,2,0,12,0,115,0,0,0,0,0,0,0,train,2.498164665885964,train,,,,,,,,
466,97,2,1,0,0,97,0,0,0,0,0,0,0,0,train,1.124068783296308,train,,,,,,,,
467,121,0,1,121,0,0,0,0,0,0,0,0,0,0,train,2.2482404442281365,train,,,,,,,,
468,79,10,1,0,0,0,0,0,0,0,0,0,0,79,train,0.5120206572186444,train,,,,,,,,
469,32,3,1,0,0,0,32,0,0,0,0,0,0,0,train,0.05285166797218079,train,,,,,,,,
470,138,0,1,138,0,0,0,0,0,0,0,0,0,0,train,3.0771898015769956,train,,,,,,,,
471,20,2,1,0,0,20,0,0,0,0,0,0,0,0,train,0.04188734257303823,train,,,,,,,,
472,40,0,1,40,0,0,0,0,0,0,0,0,0,0,train,0.07320125141811204,train,,,,,,,,
473,74,10,1,0,0,0,0,0,0,0,0,0,0,74,train,0.4292968255784746,train,,,,,,,,
474,75,3,1,0,0,0,75,0,0,0,0,0,0,0,train,0.45737214448346564,train,,,,,,,,
475,206,3,4,1,31,0,170,0,0,4,0,0,0,0,train,6.3603887344300745,train,,,,,,,,
476,19,2,1,0,0,19,0,0,0,0,0,0,0,0,train,0.04184648719516679,train,,,,,,,,
477,65,1,1,0,65,0,0,0,0,0,0,0,0,0,train,0.2931171769461911,train,,,,,,,,
478,30,10,1,0,0,0,0,0,0,0,0,0,0,30,train,0.05009996502392899,train,,,,,,,,
479,79,2,1,0,0,79,0,0,0,0,0,0,0,0,train,0.5295446201916831,train,,,,,,,,
480,66,1,1,0,66,0,0,0,0,0,0,0,0,0,train,0.3090550224360034,train,,,,,,,,
481,38,0,1,38,0,0,0,0,0,0,0,0,0,0,train,0.06337749783345839,train,,,,,,,,
482,16,7,1,0,0,0,0,0,0,0,16,0,0,0,train,0.04031510923905295,train,,,,,,,,
483,112,3,2,0,0,0,108,0,0,4,0,0,0,0,train,1.9412428958352306,train,,,,,,,,
486,54,1,1,0,54,0,0,0,0,0,0,0,0,0,train,0.1630497271912067,train,,,,,,,,
487,89,1,1,0,89,0,0,0,0,0,0,0,0,0,train,0.7629360351795342,train,,,,,,,,
488,55,9,1,0,0,0,0,0,0,0,0,0,55,0,train,0.17841260599458708,train,,,,,,,,
490,144,0,1,144,0,0,0,0,0,0,0,0,0,0,train,3.3956840405512088,train,,,,,,,,
491,99,5,1,0,0,0,0,0,99,0,0,0,0,0,train,1.1944587110655953,train,,,,,,,,
492,60,2,1,0,0,60,0,0,0,0,0,0,0,0,train,0.2511937287646679,train,,,,,,,,
493,40,1,1,0,40,0,0,0,0,0,0,0,0,0,train,0.07404952484336863,train,,,,,,,,
494,51,3,1,0,0,0,51,0,0,0,0,0,0,0,train,0.13155529175044667,train,,,,,,,,
495,52,0,1,52,0,0,0,0,0,0,0,0,0,0,train,0.14023996848750048,train,,,,,,,,
496,58,8,1,0,0,0,0,0,0,0,0,58,0,0,train,0.2382097206347322,train,,,,,,,,
497,94,9,3,0,0,2,0,0,0,1,0,0,91,0,train,1.011187724030198,train,,,,,,,,
499,92,10,1,0,0,0,0,0,0,0,0,0,0,92,train,0.8931633119428325,train,,,,,,,,
2,277,2,1,0,0,277,0,0,0,0,0,0,0,0,test,9.090878662120527,validation,0.6546269778955714,0.6527777910232544,0.32236841320991516,0.5897436141967773,0.7317073345184326,0.8529411554336548,5.2964043240822,0.0327777910232544
11,194,5,1,0,0,0,0,0,194,0,0,0,0,0,validation,5.848916427837891,validation,0.7123596692822644,0.692307710647583,0.5353535413742065,0.6575342416763306,0.7402597665786743,0.9032257795333862,2.314018940451931,0.07230771064758301
12,226,0,1,226,0,0,0,0,0,0,0,0,0,0,test,6.98484050365258,validation,0.7261605373526041,0.7039826810359955,0.5368421077728271,0.6426656693220139,0.8309859037399292,0.9047619104385376,2.7866493707618085,0.08398268103599549
15,370,4,1,0,0,0,0,370,0,0,0,0,0,0,validation,11.973118249830078,validation,0.7557809858708768,0.775990754365921,0.54666668176651,0.6852102726697922,0.8307692408561707,0.8941176533699036,9.946822266789866,1.077972263097763
18,239,2,1,0,0,239,0,0,0,0,0,0,0,0,test,8.03812177459338,validation,0.5712251134497351,0.5735294222831726,0.40229883790016174,0.5429852306842804,0.6000000238418579,0.774193525314331,3.7640896327123365,0.04647057771682739
24,181,8,1,0,0,0,0,0,0,0,0,181,0,0,validation,5.3028562461319915,validation,0.6383652249093872,0.6190476417541504,0.5303030014038086,0.5873016119003296,0.6727272868156433,0.8117647171020508,1.8424748315224218,0.0009523582458496049
26,89,2,1,0,0,89,0,0,0,0,0,0,0,0,validation,0.7997805974236296,validation,0.6639931731009752,0.6666666865348816,0.4507042169570923,0.59375,0.7313432693481445,0.8245614171028137,1.593255294608458,0.046666686534881596
34,178,7,1,0,0,0,0,0,0,0,178,0,0,0,validation,5.1022564083323765,validation,0.6337881588868881,0.6206859350204468,0.38461539149284363,0.577692300081253,0.7044697701931,0.7866666913032532,1.624509993117336,0.0006859350204467818
42,316,2,1,0,0,316,0,0,0,0,0,0,0,0,validation,9.802188677516167,validation,0.6132521001221258,0.6131130158901215,0.3614457845687866,0.5616438388824463,0.6714285612106323,0.796875,6.10844654413652,0.006886984109878536
68,121,2,1,0,0,121,0,0,0,0,0,0,0,0,test,2.2956312696840415,validation,0.6541870167432737,0.6301369667053223,0.5,0.5942028760910034,0.7419354915618896,0.8500000238418579,1.559853157808122,0.01013696670532227
83,258,6,1,0,0,0,0,0,0,258,0,0,0,0,test,8.761101333751123,validation,0.5857256655545198,0.6159114837646484,0.3499999940395355,0.5571428537368774,0.6373517960309982,0.739130437374115,4.58159599918331,0.004088516235351558
86,1,1,1,0,1,0,0,0,0,0,0,0,0,0,validation,0.04027955115397944,validation,0.7777777910232544,0.7777777910232544,0.7777777910232544,0.7777777910232544,0.7777777910232544,0.7777777910232544,3.3035726856691285,1.0833333730697632
134,226,1,1,0,226,0,0,0,0,0,0,0,0,0,validation,7.05846109585582,validation,0.832621010267629,0.8428571224212646,0.5365853905677795,0.8307692408561707,0.8529411554336548,0.90625,4.695756860932153,1.278571367263794
144,350,3,1,0,0,0,350,0,0,0,0,0,0,0,validation,11.295544423267856,validation,0.6802537319489887,0.6805555820465088,0.42222222685813904,0.653333306312561,0.7088607549667358,0.9838709831237793,7.6300197865738415,0.060555582046508794
160,267,1,1,0,267,0,0,0,0,0,0,0,0,0,validation,8.900185545223167,validation,0.570101359475418,0.5573770403862,0.3731343150138855,0.5087719559669495,0.6045410335063934,0.8387096524238586,5.093212893795171,0.06262295961380004
188,233,1,1,0,233,0,0,0,0,0,0,0,0,0,test,7.560304449027568,validation,0.7631369519643005,0.7638888955116272,0.6666666865348816,0.7323943376541138,0.7846153974533081,0.8840579986572266,4.734519538272307,1.0416666865348816
198,228,0,1,228,0,0,0,0,0,0,0,0,0,0,validation,7.137508743160501,validation,0.7617945229275185,0.7615494132041931,0.5714285969734192,0.7269061803817749,0.800000011920929,0.8813559412956238,4.447338013822646,1.0346482396125793
215,661,3,11,158,32,66,217,42,7,25,43,20,20,31,validation,13.37702926271919,validation,0.41736954448352964,0.3650793731212616,0.17283950746059418,0.2933333218097687,0.5370370149612427,0.9137930870056152,12.169416645378648,1.4047618806362152
227,90,3,1,0,0,0,90,0,0,0,0,0,0,0,test,0.8089144798322117,validation,0.7081013719240824,0.6805555820465088,0.5974025726318359,0.6617646813392639,0.7715744227170944,0.8709677457809448,1.6207494573906474,0.060555582046508794
244,239,1,1,0,239,0,0,0,0,0,0,0,0,0,validation,8.169644551443206,validation,0.7362622294465867,0.7285714149475098,0.5,0.6756756901741028,0.8062108755111694,0.9841269850730896,4.026220783697892,0.10857141494750977
253,514,1,1,0,514,0,0,0,0,0,0,0,0,0,test,12.832861722116425,validation,0.7244778490599955,0.7183098793029785,0.4776119291782379,0.6677215397357941,0.779411792755127,0.9230769276618958,9.482875500893995,0.09830987930297852
261,38,2,1,0,0,38,0,0,0,0,0,0,0,0,validation,0.06277165224765943,validation,0.6725059073222311,0.6623376607894897,0.5930232405662537,0.6358456015586853,0.7162162065505981,0.7733333110809326,1.7062977733028037,0.04233766078948975
287,230,2,1,0,0,230,0,0,0,0,0,0,0,0,validation,7.4587677065943305,validation,0.6543217636968779,0.6645021736621857,0.41111111640930176,0.5847402364015579,0.7287784814834595,0.8873239159584045,3.117123538978688,0.04450217366218567
336,10,2,1,0,0,10,0,0,0,0,0,0,0,0,validation,0.04027971734388153,validation,0.725684928894043,0.7395421266555786,0.6190476417541504,0.6653226017951965,0.7603448182344437,0.8909090757369995,1.8578276736976138,0.11954212665557862
355,240,1,4,0,236,1,1,0,2,0,0,0,0,0,validation,8.302766249419685,validation,0.6320129248003165,0.6515151262283325,0.3561643958091736,0.5746753215789795,0.698113203048706,0.8392857313156128,4.06722295536596,0.031515126228332524
361,303,1,1,0,303,0,0,0,0,0,0,0,0,0,validation,9.290033406296224,validation,0.7110290052277026,0.7377049326896667,0.4305555522441864,0.6319659352302551,0.800000011920929,0.8846153616905212,5.945807923331248,0.11770493268966675
367,228,4,2,8,0,0,0,220,0,0,0,0,0,0,test,7.231245464537652,validation,0.6839172251914677,0.6708089113235474,0.41258740425109863,0.625,0.7479395717382431,0.9324324131011963,2.9823885957748604,0.05080891132354737
370,33,2,1,0,0,33,0,0,0,0,0,0,0,0,test,0.05465222770263686,validation,0.6323391470042142,0.6081081032752991,0.4749999940395355,0.5600000023841858,0.7361111044883728,0.7692307829856873,1.6598875411787695,0.011891896724700923
389,155,8,1,0,0,0,0,0,0,0,0,155,0,0,test,3.800884762806439,validation,0.6495585630016942,0.6470588445663452,0.5,0.5862069129943848,0.7007462680339813,0.8472222089767456,1.6597023875175572,0.02705884456634522
393,115,5,1,0,0,0,0,0,115,0,0,0,0,0,validation,2.059090855044234,validation,0.7109499845815741,0.7123287916183472,0.450549453496933,0.6550248563289642,0.7668704688549042,0.859375,1.61551682640834,0.09232879161834717
407,58,1,1,0,58,0,0,0,0,0,0,0,0,0,validation,0.23543613754596582,validation,0.7256456089430842,0.7285012304782867,0.5853658318519592,0.698630154132843,0.7571428418159485,0.8292682766914368,1.6169341510964592,0.10850123047828675
415,218,3,1,0,0,0,218,0,0,0,0,0,0,0,test,6.683033277944078,validation,0.6811031610320467,0.7058823704719543,0.45205479860305786,0.6307587921619415,0.7491197139024734,0.890625,2.6373441995717304,0.08588237047195435
421,12,3,1,0,0,0,12,0,0,0,0,0,0,0,test,0.040285796648987675,validation,0.5998881111542383,0.6048906445503235,0.5263158082962036,0.5579443722963333,0.625,0.699999988079071,1.7012497162700815,0.01510935544967651
439,236,0,1,236,0,0,0,0,0,0,0,0,0,0,validation,7.910353284221994,validation,0.5959223800544011,0.5973123908042908,0.32098764181137085,0.5310132503509521,0.6666666865348816,0.8507462739944458,3.52955198836793,0.022687609195709224
447,242,2,1,0,0,242,0,0,0,0,0,0,0,0,test,8.450829260003152,validation,0.6298438406680241,0.6216216087341309,0.532608687877655,0.5967742204666138,0.6569196581840515,0.7857142686843872,4.204912338745672,0.0016216087341308638
455,25,9,1,0,0,0,0,0,0,0,0,0,25,0,validation,0.0444046759261409,validation,0.6927582883834839,0.6716417670249939,0.5076923370361328,0.6363636255264282,0.7704917788505554,0.8392857313156128,1.7533928583901268,0.0516417670249939
